City,BHK,Location,Price (â‚¹),Area (sqft),Property Type,Furnishing,Property Facing
Hyderabad,1,"Kondapur, Hyderabad",20100,450 sqft,Flat,Semi-Furnished,East
Hyderabad,3,"Aparna Serene Park, Kondapur, Hyderabad",69000,1880 sqft,Flat,Furnished,East
Hyderabad,3,"Prestige Tranquil, Kokapet, Outer Ring Road, Hyderabad",65000,1769 sqft,Flat,Semi-Furnished,East
Hyderabad,4,"Kokapet, Outer Ring Road Hyderabad",2.3 Lac,5100 sqft,Villa,Semi-Furnished,East
Hyderabad,3,"Prestige Tranquil, Kokapet, Outer Ring Road, Hyderabad",55000,894 sqft,Flat,Semi-Furnished,East
Hyderabad,4,"Sonthalia Fortune Sky Villas, Kokapet, Outer Ring Road, Hyderabad",4.5 Lac,7332 sqft,Flat,Unfurnished,
Hyderabad,3,"My Home Tarkshya, Kokapet, Outer Ring Road, Hyderabad",70000,1565 sqft,Flat,Semi-Furnished,East
Hyderabad,4,Peeramcheru Hyderabad,75000,2800 sqft,Villa,Furnished,East
Hyderabad,3,"My Home Tarkshya, Kokapet, Outer Ring Road, Hyderabad",60000,1957 sqft,Flat,Semi-Furnished,East
Hyderabad,4,"My Home Bhooja, Hitech City, Hyderabad",2.9 Lac,4070 sqft,Flat,Semi-Furnished,West
Hyderabad,4,"Tellapur, Outer Ring Road Hyderabad",80000,3000 sqft,Villa,Semi-Furnished,North
Hyderabad,4,"Poulomi 90, Kokapet, Outer Ring Road, Hyderabad",1 Lac,2610 sqft,Flat,Furnished,East
Hyderabad,3,Hyderabad,58000,1800 sqft,Flat,Semi-Furnished,East
Hyderabad,3,"Power Welfare Society, Hyderabad",50000,1777 sqft,Flat,Semi-Furnished,West
Hyderabad,4,Sainikpuri Hyderabad,50000,3200 sqft,Villa,Semi-Furnished,East
Hyderabad,4,Shankarpalle Rangareddy Hyderabad,30000,2400 sqft,Villa,Furnished,West
Hyderabad,2,Zahirabad Rural Hyderabad,10000,1355 sqft,House,Semi-Furnished,West
Hyderabad,4,"Kachiguda, NH 2 2 Hyderabad",50000,2700 sqft,House,Semi-Furnished,West
Hyderabad,2,"Nizampet, Hyderabad",20000,1175 sqft,Flat,Unfurnished,North - East
Hyderabad,3,"Rajapushpa Provincia, Narsingi, Outer Ring Road, Hyderabad",70000,1715 sqft,Flat,Semi-Furnished,East
Hyderabad,3,Hyderabad,45000,1350 sqft,Flat,Semi-Furnished,North - East
Hyderabad,3,"Aparna WestSide, Manikonda Jagir, Hyderabad",85000,2605 sqft,Flat,Furnished,West
Hyderabad,4,Osman Nagar Hyderabad,1 Lac,3000 sqft,Villa,Furnished,East
Hyderabad,2,"Gowra Green Living, Manikonda Jagir, Hyderabad",53000,1319 sqft,Flat,Semi-Furnished,East
Hyderabad,4,Kapra Hyderabad,35000,2800 sqft,Villa,Semi-Furnished,East
Hyderabad,3,Hyderabad,75000,2452 sqft,Flat,Furnished,
Hyderabad,2,Chengicherla Hyderabad,10000,800 sqft,House,Semi-Furnished,
Hyderabad,3,Miyapur Road Hyderabad,25000,1000 sqft,House,Semi-Furnished,
Hyderabad,3,"Indu Fortune Fields Gardenia, Hyderabad",50000,1860 sqft,Flat,Semi-Furnished,North
Hyderabad,2,"Prestige High Fields, Gachibowli, Hyderabad",51000,1100 sqft,Flat,Unfurnished,East
Hyderabad,4,Power Welfare Society Hyderabad,90000,3000 sqft,Villa,Semi-Furnished,West
Hyderabad,3,"Western Exotica, Kothaguda, Hyderabad",73000,2813 sqft,Flat,Furnished,West
Hyderabad,3,"Honer Aquantis, Gopanpalle, Hyderabad",70000,1610 sqft,Flat,Unfurnished,East
Hyderabad,3,"My Home Avatar, Manchirevula, Outer Ring Road, Hyderabad",65000,1511 sqft,Flat,Semi-Furnished,East
Hyderabad,3,"Rajapushpa Provincia, Narsingi, Outer Ring Road, Hyderabad",70000,1715 sqft,Flat,Semi-Furnished,East
Hyderabad,4,"NCC Urban One, Narsingi, Outer Ring Road, Hyderabad",70000,2500 sqft,Flat,Semi-Furnished,West
Hyderabad,3,"Aparna Sarovar Zicon, Nalagandla, Hyderabad",55000,1300 sqft,Flat,Semi-Furnished,West
Hyderabad,3,"P Janardhan Reddy Nagar, Gachibowli, Outer Ring Road, Hyderabad",70000,2300 sqft,Flat,Semi-Furnished,East
Hyderabad,4,Appa Junction Area Hyderabad,1 Lac,3804 sqft,Villa,Semi-Furnished,West
Hyderabad,3,PJR Layout Hyderabad,83000,2653 sqft,Villa,Semi-Furnished,West
Hyderabad,4,Nalagandla Hyderabad,1.1 Lac,4000 sqft,Villa,Semi-Furnished,East
Hyderabad,2,"TNGOS COLONY PHASE 2, Bheem Reddy Nagar, Boduppal, Hyderabad",57000,1100 sqft,Flat,Furnished,West
Hyderabad,4,Chitrapuri Colony Hyderabad,2.8 Lac,2500 sqft,Villa,Furnished,East
Hyderabad,4,Sainikpuri Hyderabad,40000,2800 sqft,Villa,Furnished,
Hyderabad,4,Anjaiah Nagar Gachibowli Hyderabad,2.8 Lac,3800 sqft,Villa,Semi-Furnished,West
Hyderabad,4,"Tellapur, Outer Ring Road Hyderabad",2 Lac,4570 sqft,Villa,Furnished,West
Hyderabad,4,"Tellapur, Outer Ring Road Hyderabad",80000,3470 sqft,Villa,Semi-Furnished,East
Hyderabad,3,"Aparna Sarovar Zicon, Nalagandla, Hyderabad",60000,1530 sqft,Flat,Semi-Furnished,East
Hyderabad,4,"Aurobindo Kohinoor, Izzathnagar, Hyderabad",1.3 Lac,2928 sqft,Flat,Semi-Furnished,West
Hyderabad,3,"HIG Chitrapuri HILLS, Khajaguda, Hyderabad",60000,2200 sqft,Flat,Semi-Furnished,West
Hyderabad,5,"Tellapur, Outer Ring Road Hyderabad",1.6 Lac,5400 sqft,Villa,Unfurnished,East
Hyderabad,4,Ramachandrapuram Hyderabad,45000,2312 sqft,Villa,Semi-Furnished,West
Hyderabad,2,"Prestige High Fields, Indira Nagar Gachibowli, Hyderabad",55000,1283 sqft,Flat,Semi-Furnished,East
Hyderabad,2,"Phoenix Golf Edge, Gachibowli, Hyderabad",67000,1599 sqft,Flat,Furnished,
Hyderabad,3,"My Home Tarkshya, Power Welfare Society, Hyderabad",79000,2235 sqft,Flat,Semi-Furnished,West
Hyderabad,2,"Provident Kenworth, Rajendranagar Mandal, Hyderabad",30000,909 sqft,Flat,Semi-Furnished,East
Hyderabad,3,Bachupally Hyderabad,42000,2007 sqft,House,Semi-Furnished,
Hyderabad,4,Kardanur Hyderabad,50000,8000 sqft,Villa,Furnished,East
Hyderabad,3,"Kollur, Outer Ring Road Hyderabad",70000,3079 sqft,Villa,Semi-Furnished,East
Hyderabad,3,"Hyderaguda, Hyderabad",26000,1400 sqft,Flat,Semi-Furnished,East
Hyderabad,1,"Gachibowli, Hyderabad",25000,500 sqft,Flat,Furnished,
Hyderabad,3,"Sahasram The Ananda, Pocharam, NH 2 2, Hyderabad",40000,1856 sqft,Flat,Semi-Furnished,
Hyderabad,2,Patel Nagar Amberpet Hyderabad,12000,100 sqyrd,House,Semi-Furnished,East
Hyderabad,4,"Rishi & Swarna Classic, Madhapur, Hyderabad",80000,1800 sqft,Flat,Furnished,East
Hyderabad,3,"My Home Raka, Serilingampalle M, Hyderabad",65000,1969 sqft,Flat,Semi-Furnished,East
Hyderabad,3,"LB Nagar, NH 9, Hyderabad",28000,1700 sqft,Flat,Semi-Furnished,East
Hyderabad,3,Nizampet Hyderabad,35000,1800 sqft,Villa,Semi-Furnished,
Hyderabad,3,Almasguda Badangpet Hyderabad,15000,200 sqft,House,Semi-Furnished,East
Hyderabad,3,"Cybercity Marina Skies, Hitech City, Hyderabad",45000,1450 sqft,Flat,Semi-Furnished,East
Hyderabad,2,East Anandbagh Hyderabad,12500,1400 sqft,Villa,Unfurnished,North - East
Hyderabad,3,"Sri Bhavani BK Towers, Nacharam, Hyderabad",25000,1400 sqft,Flat,Semi-Furnished,East
Hyderabad,3,"Madhavaram Serenity, Kharmanghat, Hyderabad",33000,1790 sqft,Flat,Unfurnished,West
Hyderabad,5,Gachibowli Hyderabad,1.2 Lac,3020 sqft,Villa,Furnished,
Hyderabad,4,"Miyapur, NH 9 Hyderabad",60000,3000 sqft,House,Unfurnished,East
Hyderabad,5,Manikonda Jagir Hyderabad,2.8 Lac,5600 sqft,Villa,Furnished,North - East
Hyderabad,3,"Maruti Sadan Apartment, Begumpet, Hyderabad",32500,1350 sqft,Flat,Semi-Furnished,East
Hyderabad,3,"Aparna Hillpark Silver Oaks, Chanda Nagar, Hyderabad",42999,1700 sqft,Flat,Semi-Furnished,West
Hyderabad,3,"Petbasheerabad, Hyderabad",24000,1300 sqft,Flat,Semi-Furnished,North - East
Hyderabad,3,"Prestige Tranquil, Kokapet, Outer Ring Road, Hyderabad",65000,1764 sqft,Flat,Semi-Furnished,East
Hyderabad,4,Nalagandla Hyderabad,85000,3500 sqft,Villa,Semi-Furnished,East
Hyderabad,2,"My Home Mangala, Kondapur, Hyderabad",62000,1297 sqft,Flat,Furnished,
Hyderabad,2,"Akbarbagh, NH 9, Hyderabad",21000,1100 sqft,Flat,Unfurnished,
Hyderabad,2,"Chanda Nagar, Hyderabad",19000,1200 sqft,Flat,Semi-Furnished,
Hyderabad,2,"Shriya Ambience, Kothapet, Hyderabad",50000,1200 sqft,Flat,Furnished,
Hyderabad,3,"Rama Krishna Puram, Hayathnagar, NH 9, Hyderabad",21000,1400 sqft,Flat,Unfurnished,
Hyderabad,2,"Lakdikapul, NH 9 Hyderabad",16000,950 sqft,House,Unfurnished,
Hyderabad,2,"Central Park Phase II, Kondapur, Hyderabad",40000,1100 sqft,Flat,Furnished,West
Hyderabad,3,"Rochishmati Noveo Homes, Adibatla, Hyderabad",25000,1600 sqft,Flat,Semi-Furnished,West
Hyderabad,3,"Nafees Residency, Masab Tank, Hyderabad",62000,1700 sqft,Flat,Furnished,North - East
Hyderabad,3,"Aliens Space Station 1 Cassini, Tellapur, Outer Ring Road, Hyderabad",48500,1800 sqft,Flat,Semi-Furnished,East
Hyderabad,3,"Gachibowli, Hyderabad",70000,1750 sqft,Flat,Furnished,
Hyderabad,3,"O2 Residences, Financial District, Nanakram Guda, Hyderabad",85000,2500 sqft,Flat,Semi-Furnished,
Hyderabad,5,Kondapur Hyderabad,6 Lac,7200 sqft,Villa,Semi-Furnished,
Hyderabad,2,"Chanda Nagar, Hyderabad",21000,1200 sqft,Flat,Unfurnished,West
Hyderabad,3,"Sunway Opus Grand Neville 3A, Miyapur, NH 9, Hyderabad",30000,1580 sqft,Flat,Furnished,West
Hyderabad,3,Gopanpalle Hyderabad,1 Lac,3800 sqft,Villa,Semi-Furnished,
Hyderabad,3,Mokila Hyderabad,55000,2400 sqft,Villa,Furnished,West
Hyderabad,3,Bachupally Hyderabad,55000,3000 sqft,Villa,Furnished,East
Hyderabad,4,Mokila Hyderabad,64500,4000 sqft,House,Semi-Furnished,West
Hyderabad,3,Mokila Hyderabad,42000,2384 sqft,Villa,Semi-Furnished,East
Hyderabad,3,"Madeenaguda, Hyderabad",40000,1400 sqft,Flat,Furnished,East
Hyderabad,3,Bhoodevinagar Hyderabad,30000,1800 sqft,House,Furnished,North - East
Hyderabad,3,"Jubilee Hills, Hyderabad",75000,2500 sqft,Flat,Semi-Furnished,South
Hyderabad,3,"Kismatpur Road, Hyderabad",45000,2500 sqft,Flat,Semi-Furnished,West
Hyderabad,3,Nizampet Hyderabad,48000,2250 sqft,House,Semi-Furnished,East
Hyderabad,3,"Abhinandana Concorde, Puppalguda, Hyderabad",48000,1650 sqft,Flat,Furnished,
Hyderabad,3,"Attapur, Hyderabad",44000,1750 sqft,Flat,Furnished,East
Hyderabad,3,"Alkapoor Apartment, Alkapur Township, Manikonda, Outer Ring Road, Hyderabad",35000,1500 sqft,Flat,Semi-Furnished,South
Hyderabad,3,"Fortunr Icon, Banjara Hills, NH 9, Hyderabad",1.1 Lac,1950 sqft,Flat,Furnished,West
Hyderabad,1,"Yousufguda, NH 9 Hyderabad",15000,425 sqft,House,Semi-Furnished,East
Hyderabad,3,"Rajapushpa Provincia, Narsingi, Outer Ring Road, Hyderabad",70000,1700 sqft,Flat,Semi-Furnished,East
Hyderabad,2,"Uppal, NH 2 2 Hyderabad",30000,2100 sqft,House,Semi-Furnished,East
Hyderabad,3,"Prajay Megapolis, Hafeezpet, NH 9, Hyderabad",55000,1232 sqft,Flat,Furnished,East
Hyderabad,3,"Yadamma Nagar, Secunderabad Hyderabad",55000,1900 sqft,Villa,Semi-Furnished,South - East
Hyderabad,3,"Shamshabad Mamidipally Road, Hyderabad",35000,2000 sqft,Flat,Unfurnished,East
Hyderabad,3,"NSL East County, Uppal, NH 2 2, Hyderabad",75000,1899 sqft,Flat,Furnished,East
Hyderabad,2,"Prestige High Fields, Gachibowli, Hyderabad",48000,1283 sqft,Flat,Semi-Furnished,East
Hyderabad,3,"Aparna Serenity, Kompally, Hyderabad",48000,1500 sqft,Flat,Semi-Furnished,North - East
Hyderabad,3,"Kompally, Hyderabad",30000,2400 sqft,Flat,Semi-Furnished,North - East
Hyderabad,1,Kothapet Hyderabad,13500,450 sqft,House,Semi-Furnished,East
Hyderabad,3,Ramakrishnapuram Neredmet Hyderabad,25000,1450 sqft,House,Unfurnished,North
Hyderabad,3,"Janapriya Lakefront, Sainikpuri, Hyderabad",30000,1100 sqft,Flat,Furnished,East
Hyderabad,3,Neredmet Hyderabad,35000,3000 sqft,Villa,Semi-Furnished,West
Hyderabad,4,"Hafeezpet, NH 9 Hyderabad",1.99 Cr,1800 sqft,Villa,Semi-Furnished,
Hyderabad,4,"Gachibowli, Hyderabad",2 Lac,4000 sqft,Flat,Furnished,
Hyderabad,2,"Mothi Nagar Borabanda, Hyderabad",23000,1080 sqft,Flat,Semi-Furnished,North
Hyderabad,3,Medipally Hyderabad,21000,195 sqyrd,House,Semi-Furnished,West
Hyderabad,3,"Saket, Secunderabad Hyderabad",30000,2500 sqft,Villa,Semi-Furnished,
Hyderabad,3,Neknampur Hyderabad,75000,1800 sqft,Villa,Furnished,West
Hyderabad,3,"Rajapushpa Provincia, Narsingi, Outer Ring Road, Hyderabad",68000,1620 sqft,Flat,Semi-Furnished,West
Hyderabad,3,Almasguda Hyderabad,15000,1300 sqft,House,Semi-Furnished,North
Hyderabad,3,"Sai Raghavendra Magnificent Habitat, Nallagandla Tellapur Road, Hyderabad",42000,1600 sqft,Flat,Semi-Furnished,West
Hyderabad,2,"Old Malakpet, NH 9 Hyderabad",17500,950 sqft,House,Semi-Furnished,East
Hyderabad,4,"Beverly Springs, Madhapur, Hyderabad",1.3 Lac,3750 sqft,Flat,Semi-Furnished,North - East
Hyderabad,2,"Himayatnagar, Hyderabad",27000,1100 sqft,Flat,Semi-Furnished,East
Hyderabad,4,"Kollur, Outer Ring Road Hyderabad",75000,3632 sqft,Villa,Semi-Furnished,West
Hyderabad,3,"Aparna Cyberscape, Nalagandla, Hyderabad",40000,1150 sqft,Flat,Semi-Furnished,East
Hyderabad,3,"Kondapur, Hyderabad",6 Lac,1463 sqft,Flat,Furnished,
Hyderabad,3,"My Home Mangala, Kondapur, Hyderabad",67500,1798 sqft,Flat,Semi-Furnished,East
Hyderabad,3,"Kondapur, Hyderabad",6 Lac,1463 sqft,Flat,Furnished,
Hyderabad,3,"My Home Mangala, Kondapur, Hyderabad",67500,1798 sqft,Flat,Semi-Furnished,East
Hyderabad,2,"Ramky One Harmony, Pragathi Nagar, Kukatpally, Hyderabad",35000,1115 sqft,Flat,Semi-Furnished,West
Hyderabad,3,"Supra Eco Homes, Kondapur, Hyderabad",39000,1156 sqft,Flat,Semi-Furnished,West
Hyderabad,3,Santosh Nagar Hyderabad,18000,265 sqyrd,House,Semi-Furnished,North - East
Hyderabad,4,"Prashasan Nagar, Hyderabad",1.2 Lac,2800 sqft,Flat,Semi-Furnished,North - West
Hyderabad,3,"Vasu Sri Sunrise, Gundlapochampally, Outer Ring Road, Hyderabad",15000,1425 sqft,Flat,Semi-Furnished,
Hyderabad,2,"RTC Cross Road, Hyderabad",20000,1000 sqft,Flat,Semi-Furnished,South
Hyderabad,4,"Gachibowli, Hyderabad",85000,2675 sqft,Flat,Semi-Furnished,West
Hyderabad,4,Nizampet Hyderabad,45000,2800 sqft,Villa,Semi-Furnished,East
Hyderabad,2,"Madhapur, Hyderabad",37000,950 sqft,Flat,Furnished,
Hyderabad,2,"Sadbhavana, Ghatkesar, NH 2 2, Hyderabad",9500,761 sqft,Flat,Semi-Furnished,South
Hyderabad,3,"Kondapur, Hyderabad",32000,1700 sqft,Flat,Semi-Furnished,East
Hyderabad,3,"Rasun Ace Infra Elysian, Kondapur, Hyderabad",65000,2458 sqft,Flat,Semi-Furnished,West
Hyderabad,3,"Praneeth Pranav Town Square, Bachupally, Hyderabad",32000,1356 sqft,Flat,Semi-Furnished,West
Hyderabad,5,"Kollur, Outer Ring Road Hyderabad",1.1 Lac,4030 sqft,Villa,Semi-Furnished,East
Hyderabad,3,"Aparna Serene Park, Kondapur, Hyderabad",70000,1880 sqft,Flat,Semi-Furnished,West
Hyderabad,1,"Kondapur, Hyderabad",22000,550 sqft,Flat,Furnished,East
Hyderabad,3,"Ayyappa Society, Hyderabad",55000,1800 sqft,Flat,Semi-Furnished,East
Hyderabad,4,"Sonthalia Fortune Sky Villas, Power Welfare Society, Hyderabad",3.5 Lac,4000 sqft,Flat,Semi-Furnished,East
Hyderabad,3,"Prestige Beverly Hills, Kokapet, Outer Ring Road, Hyderabad",1 Lac,1896 sqft,Flat,Semi-Furnished,East
Hyderabad,3,"Cybercity Rainbow Vistas, Hitech City, Hyderabad",40000,1515 sqft,Flat,Semi-Furnished,East
Hyderabad,4,"Tellapur, Outer Ring Road Hyderabad",1.3 Lac,3223 sqft,Villa,Semi-Furnished,West
Hyderabad,3,"Kokapet, Outer Ring Road, Hyderabad",80000,1900 sqft,Flat,Semi-Furnished,West
Hyderabad,3,"Banjara Hills, NH 9, Hyderabad",2 Lac,3200 sqft,Flat,Furnished,West
Hyderabad,4,"Aparna Hillpark Gardenia, Chanda Nagar, Hyderabad",65000,2000 sqft,Flat,Semi-Furnished,West
Hyderabad,5,"Sumadhura Acropolis, Gachibowli, Hyderabad",1.8 Lac,4500 sqft,Flat,Semi-Furnished,
Hyderabad,2,"Phoenix Golf Edge, Gachibowli, Hyderabad",50000,1600 sqft,Flat,Unfurnished,North
Hyderabad,4,"My Home Bhooja, Hitech City, Hyderabad",2.9 Lac,4070 sqft,Flat,Semi-Furnished,East
Hyderabad,3,"SMR Vinay Iconia, Kondapur, Hyderabad",65000,2300 sqft,Flat,Semi-Furnished,East
Hyderabad,3,"Rajapushpa Provincia, Narsingi, Outer Ring Road, Hyderabad",75000,2335 sqft,Flat,Furnished,West
Hyderabad,4,Kondapur Hyderabad,1.3 Lac,3500 sqft,Villa,Semi-Furnished,West
Hyderabad,6,Manikonda Jagir Hyderabad,1.1 Lac,4000 sqft,Villa,Furnished,North - East
Hyderabad,3,"Ramky One Galaxia, Nalagandla, Hyderabad",45000,1860 sqft,Flat,Semi-Furnished,West
Hyderabad,3,Begumpet Hyderabad,3.6 Lac,15000 sqft,House,Furnished,
Hyderabad,3,"Prestige Tranquil, Kokapet, Outer Ring Road, Hyderabad",58000,1390 sqft,Flat,Unfurnished,East
Hyderabad,3,"Rajapushpa Provincia, Narsingi, Outer Ring Road, Hyderabad",70000,1715 sqft,Flat,Semi-Furnished,West
Hyderabad,3,"My Home Tarkshya, Kokapet, Outer Ring Road, Hyderabad",60000,2235 sqft,Flat,Semi-Furnished,East
Hyderabad,3,"Koncept Ambience Courtyard, Manikonda Jagir, Hyderabad",57000,1621 sqft,Flat,Semi-Furnished,West
Hyderabad,2,"My Home Avatar, Narsingi, Outer Ring Road, Hyderabad",50000,1314 sqft,Flat,Furnished,East
Hyderabad,4,"Tellapur, Outer Ring Road Hyderabad",80000,3400 sqft,Villa,Unfurnished,East
Hyderabad,3,"Aditya Empress Towers, Shaikpet, Hyderabad",70000,2100 sqft,Flat,Furnished,East
Hyderabad,3,Beeramguda Ramachandrapuram Hyderabad,25000,1568 sqft,Villa,Semi-Furnished,East
Hyderabad,4,"Prestige High Fields, Gachibowli, Hyderabad",1.9 Lac,4069 sqft,Flat,Semi-Furnished,East
Hyderabad,3,Hyderabad,60000,1900 sqft,Flat,Semi-Furnished,West
Hyderabad,4,"Vikrampuri Colony, Hyderabad",60000,3288 sqft,Flat,Semi-Furnished,South
Hyderabad,3,"My Home Bhooja, Hitech City, Hyderabad",1.9 Lac,3430 sqft,Flat,Semi-Furnished,East
Hyderabad,3,"Ramky One Galaxia, Nalagandla, Hyderabad",46000,1860 sqft,Flat,Semi-Furnished,East
Hyderabad,3,"Rajapushpa Provincia, Narsingi, Outer Ring Road, Hyderabad",65000,2020 sqft,Flat,Semi-Furnished,East
Hyderabad,3,"Aparna Serene Park, Kondapur, Hyderabad",70000,1200 sqft,Flat,Furnished,East
Hyderabad,3,"Rajapushpa Provincia, Narsingi, Outer Ring Road, Hyderabad",68000,1715 sqft,Flat,Semi-Furnished,West
Hyderabad,3,"My Home Jewel, Deepthisri Nagar, NH 9, Hyderabad",43000,1500 sqft,Flat,Semi-Furnished,East
Hyderabad,2,"Aparna Serene Park, Masjid Banda, Hyderabad",60000,1235 sqft,Flat,Semi-Furnished,East
Hyderabad,2,"Prestige High Fields, Gachibowli, Hyderabad",47000,1283 sqft,Flat,Semi-Furnished,East
Hyderabad,3,"Shanta Sriram Dukes Galaxy, Banjara Hills, NH 9, Hyderabad",83000,1345 sqft,Flat,Semi-Furnished,North
Hyderabad,1,"Raghavendra Colony Kondapur, Hyderabad",19000,400 sqft,Flat,Semi-Furnished,East
Hyderabad,3,"Poulomi Avante, Kokapet, Outer Ring Road, Hyderabad",62000,2130 sqft,Flat,Semi-Furnished,East
Hyderabad,3,"Kondapur, Hyderabad",36000,1750 sqft,Flat,Semi-Furnished,North - East
Hyderabad,3,"Poulomi Avante, Kokapet, Outer Ring Road, Hyderabad",65000,1350 sqft,Flat,Semi-Furnished,North - East
Hyderabad,3,"Rajapushpa Provincia, Narsingi, Outer Ring Road, Hyderabad",85000,1210 sqft,Flat,Semi-Furnished,East
Hyderabad,3,"Lake View Towers, Kondapur, Hyderabad",50000,1600 sqft,Flat,Semi-Furnished,East
Bangalore,3,"L&T Raintree Boulevard, Hebbal, Bangalore",59000,985 sqft,Flat,Unfurnished,East
Bangalore,4,"Brigade Gateway, Rajajinagar, Bangalore",1.2 Lac,2000 sqft,Flat,Semi-Furnished,East
Bangalore,3,"Prestige Notting Hill, Bannerghatta Main Road, Bangalore",65000,1400 sqft,Flat,Semi-Furnished,North - East
Bangalore,4,"Prestige Estates Shantiniketan, Whitefield, Bangalore",1.3 Lac,3122 sqft,Flat,Semi-Furnished,South - East
Bangalore,4,"Lavelle Road, Bangalore",4.5 Lac,3800 sqft,Flat,Unfurnished,East
Bangalore,3,Haralur Main Road Bangalore,45000,2100 sqft,House,Semi-Furnished,North
Bangalore,2,Hsr Layout Bangalore,25000,800 sqft,House,Semi-Furnished,North
Bangalore,3,"Prestige Falcon City, Kanakapura Road, Bangalore",68000,1200 sqft,Flat,Semi-Furnished,East
Bangalore,2,"Arvind Oasis, Tumkur Road, Bangalore",42000,872 sqft,Flat,Semi-Furnished,North
Bangalore,4,Carmelaram Bangalore,1.3 Lac,2111 sqft,Villa,Furnished,North - East
Bangalore,2,"Prestige Falcon City, Kanakapura Road, Bangalore",52000,1218 sqft,Flat,Semi-Furnished,North - East
Bangalore,3,"L And T Raintree Boulevard Phase 2, Hebbal, Bangalore",50000,1320 sqft,Flat,Semi-Furnished,East
Bangalore,3,"Hiranandani Glen Gate, Hebbal, Bangalore",58000,1250 sqft,Flat,Unfurnished,West
Bangalore,3,"Sobha Palm Court, Kogilu, Bangalore",65000,1490 sqft,Flat,Semi-Furnished,East
Bangalore,3,"Sobha Royal Pavilion, Hadosiddapura, Chikkakannalli, Bangalore",68900,1507 sqft,Flat,Semi-Furnished,East
Bangalore,3,"Gopalan Aqua, Whitefield, Bangalore",75000,1344 sqft,Flat,Semi-Furnished,East
Bangalore,3,"Sobha City Casa Paradiso, RK Hegde Nagar, Bangalore",60000,2100 sqft,Flat,Semi-Furnished,South
Bangalore,3,"Phoenix One Bangalore West, 1st Block Rajajinagar, Bangalore",2 Lac,1277 sqft,Flat,Furnished,South -West
Bangalore,2,"Akme Ballet, Doddanekundi, Kartik Nagar, Bangalore",65000,1285 sqft,Flat,Semi-Furnished,North
Bangalore,3,"Sobha HRC Pristine, Jakkur, Bangalore",75000,1500 sqft,Flat,Semi-Furnished,North - East
Bangalore,5,"Prestige White Meadows Villas, Vijayanagara, Bangalore",3.2 Lac,5900 sqft,Flat,Semi-Furnished,East
Bangalore,3,"Saideep Hulas, Budigere, Bangalore",50000,1660 sqft,Flat,Semi-Furnished,East
Bangalore,3,"Alpine Viva, Itpl, Whitefield, Bangalore",69400,2400 sqft,Flat,Semi-Furnished,North
Bangalore,3,"Brigade El Dorado, Huvinayakanahalli, Bangalore",22500,628 sqft,Flat,Semi-Furnished,North - West
Bangalore,1,"Bhartiya City Leela Residences, Chokkanahalli, Bangalore",1.5 Lac,900 sqft,Flat,Furnished,East
Bangalore,3,"Sowparnika Sanvi, Whitefield, Bangalore",40000,1100 sqft,Flat,Furnished,North - West
Bangalore,3,"L&T Raintree Boulevard, Hebbal, Bangalore",60000,924 sqft,Flat,Semi-Furnished,East
Bangalore,3,"SS Residency, Kalkere, Bangalore",46000,1200 sqft,Flat,Semi-Furnished,East
Bangalore,3,"Century Infiniti, Sarjapur Road, Bangalore",70000,1798 sqft,Flat,Unfurnished,
Bangalore,2,"Brigade Lakefront, Whitefield, Bangalore",85000,1400 sqft,Flat,Furnished,North
Bangalore,4,Nandi Hills Bangalore,3.5 Lac,5426 sqft,Villa,Semi-Furnished,East
Bangalore,2,"Doddathoguru, Electronic City, Bangalore",28400,1400 sqft,Flat,Semi-Furnished,East
Bangalore,3,Budigere Bangalore,90000,2360 sqft,Villa,Furnished,East
Bangalore,3,"Tata Promont, Block 1st Stage 3rd Banashankari, Bangalore",87600,2016 sqft,Flat,Semi-Furnished,West
Bangalore,4,"Prestige Waterford, Whitefield, Bangalore",1.2 Lac,1878 sqft,Flat,Semi-Furnished,South -West
Bangalore,4,Devanahalli Bangalore,2.3 Lac,686 sqft,Villa,Semi-Furnished,North - East
Bangalore,3,"Phoenix Kessaku, Rajajinagar, Bangalore",2.3 Lac,2678 sqft,Flat,Furnished,West
Bangalore,2,Basaveshwar Nagar Bangalore,38000,1650 sqft,House,Semi-Furnished,East
Bangalore,3,"Sumadhura Silver Ripples, Whitefield, Bangalore",65000,1650 sqft,Flat,Furnished,East
Bangalore,4,"Phoenix Kessaku, 2nd Block Rajajinagar, Bangalore",4.9 Lac,2837 sqft,Flat,Semi-Furnished,North
Bangalore,2,"Prestige Song of the South, Begur Road, Bangalore",55000,907 sqft,Flat,Furnished,West
Bangalore,2,"Supertech Micasa, Thanisandra, Bangalore",29999,850 sqft,Flat,Semi-Furnished,East
Bangalore,2,"Vizipa Optima, Radha Reddy Layout, Bangalore",50000,900 sqft,Flat,Furnished,South
Bangalore,3,"Sobha Classic, Haralur, Bangalore",67000,1400 sqft,Flat,Semi-Furnished,East
Bangalore,3,"Sobha Royal Pavilion, Sarjapur Road, Bangalore",73000,1092 sqft,Flat,Furnished,East
Bangalore,2,"Sobha Dream Gardens, Manayata Tech Park, Bangalore",37000,626 sqft,Flat,Unfurnished,
Bangalore,2,"Sobha Dream Acres, Panathur, Bangalore",45000,700 sqft,Flat,Semi-Furnished,North
Bangalore,3,"SNN Raj Etternia, Haralur Main Road, Bangalore",70000,1350 sqft,Flat,Unfurnished,East
Bangalore,3,"Mantri Webcity, K Narayanapura, Bangalore",51000,1500 sqft,Flat,Semi-Furnished,East
Bangalore,4,"Sobha Indraprastha, Rajajinagar, Bangalore",1.7 Lac,3000 sqft,Flat,Semi-Furnished,
Bangalore,3,"L And T Olivia At Raintree Boulevard Cluster 7, Byatarayanapura, Bangalore",60000,1350 sqft,Flat,Semi-Furnished,East
Bangalore,4,"Embassy Lake Terraces, Hebbal, Bangalore",3 Lac,4200 sqft,Flat,Semi-Furnished,North - East
Bangalore,3,"Elita Promenade, Rbi Layout, J P Nagar, Bangalore",62000,1680 sqft,Flat,Semi-Furnished,North
Bangalore,3,"Avalon Park At The Prestige City, Sarjapura, Bangalore",60000,1100 sqft,Flat,Semi-Furnished,East
Bangalore,2,"Mantri Premero, Doddakannelli, Bangalore",42000,824 sqft,Flat,Semi-Furnished,East
Bangalore,3,"Brigade Cosmopolis, Whitefield, Bangalore",65000,1740 sqft,Flat,Semi-Furnished,East
Bangalore,3,"Prestige Misty Waters, Hebbal, Bangalore",45000,1000 sqft,Flat,Semi-Furnished,East
Bangalore,2,"Sobha Dream Acres, Panathur, Bangalore",46000,1012 sqft,Flat,Furnished,
Bangalore,2,"Godrej Air, Hudi, Bangalore",70000,937 sqft,Flat,Semi-Furnished,West
Bangalore,3,"Phoenix One Bangalore West, Rajajinagar, Bangalore",1.7 Lac,1900 sqft,Flat,Unfurnished,East
Bangalore,4,"Brigade Caladium, Hebbal, Bangalore",1.6 Lac,4020 sqft,Flat,Semi-Furnished,South - East
Bangalore,3,"Brigade Gateway, Rajajinagar, Bangalore",80000,1400 sqft,Flat,Semi-Furnished,South - East
Bangalore,3,"L&T Olivia at Raintree Boulevard, Hebbal, Bangalore",78000,1134 sqft,Flat,Semi-Furnished,East
Bangalore,3,"Prestige Garden Bay, Yelahanka, Bangalore",56000,2159 sqft,Flat,Furnished,
Bangalore,3,"Assetz Marq 2.0, Whitefield, Bangalore",52500,1400 sqft,Flat,Semi-Furnished,East
Bangalore,2,"BCV Brigade Orchards, Devanahalli, Bangalore",30000,1360 sqft,Flat,Semi-Furnished,East
Bangalore,4,Whitefield Bangalore,1.8 Lac,4000 sqft,Villa,Semi-Furnished,North
Bangalore,3,"Mantri Sarovar, Hsr Layout, Bangalore",75000,1700 sqft,Flat,Furnished,East
Bangalore,3,"Sobha Royal Pavilion, Carmelaram, Bangalore",70000,1115 sqft,Flat,Semi-Furnished,North
Bangalore,5,Devanahalli Bangalore,1.8 Lac,3600 sqft,Villa,Furnished,East
Bangalore,2,"Phase 5 JP Nagar, Bangalore",29000,1200 sqft,Flat,Semi-Furnished,West
Bangalore,2,"Varthur Road, Bangalore",20000,1100 sqft,Flat,Semi-Furnished,East
Bangalore,4,"Jains Aashraya, Bannerughatta, Bangalore",1 Lac,1706 sqft,Flat,Furnished,East
Bangalore,4,Devanahalli Bangalore,80000,3410 sqft,Villa,Semi-Furnished,East
Bangalore,3,"Prestige Jindal City, Tumkur Road, Bangalore",38000,985 sqft,Flat,Semi-Furnished,North
Bangalore,3,"Avalon Park At The Prestige City, Sarjapura, Bangalore",65000,1252 sqft,Flat,Semi-Furnished,East
Bangalore,3,"Puravankara Purva Whitehall, Sarjapur Road, Bangalore",95000,2007 sqft,Flat,Semi-Furnished,East
Bangalore,3,"Bren Celestia, Kaikondrahalli, Bangalore",65000,1700 sqft,Flat,Semi-Furnished,East
Bangalore,2,"Brigade El Dorado, Bagalur Main Road, Bangalore",34000,471 sqft,Flat,Furnished,West
Bangalore,3,"Brigade El Dorado, Bagalur Main Road, Bangalore",35000,996 sqft,Flat,Semi-Furnished,East
Bangalore,3,"Bhartiya Nikoo Homes, Thanisandra Main Road, Bangalore",60000,1099 sqft,Flat,Furnished,East
Bangalore,2,"Candeur Carlisle, Mahadevapura, Bangalore",55000,1180 sqft,Flat,Semi-Furnished,North
Bangalore,3,"Cooke Town, Cooke Town, Bangalore",1.8 Lac,1850 sqft,Flat,Furnished,
Bangalore,3,"Vaswani Exquisite, Siddapura Whitefield, Bangalore",85000,1300 sqft,Flat,Semi-Furnished,North
Bangalore,3,"HAL Old Airport Road, Bangalore",1.4 Lac,1330 sqft,Flat,Furnished,North - West
Bangalore,3,"Block 4th Jayanagar, Bangalore",80000,2000 sqft,Flat,Semi-Furnished,North
Bangalore,3,"Godrej Royale Woods, Devanahalli, Bangalore",30000,1157 sqft,Flat,Unfurnished,North
Bangalore,6,Marathahalli Bangalore,1.7 Lac,5000 sqft,Villa,Semi-Furnished,East
Bangalore,3,"L&T Raintree Boulevard, Hebbal, Bangalore",55000,970 sqft,Flat,Semi-Furnished,West
Bangalore,2,"Electronic City, Bangalore",22000,1312 sqft,Flat,Semi-Furnished,East
Bangalore,3,"Stage 2 Indiranagar, Bangalore",95000,2300 sqft,Flat,Semi-Furnished,East
Bangalore,3,"RR Nagar, Bangalore",37000,1500 sqft,Flat,Semi-Furnished,East
Bangalore,3,"Doddanekundi, Kartik Nagar, Bangalore",40000,1450 sqft,Flat,Semi-Furnished,East
Bangalore,3,"Total Environment Pursuit of a Radical Rhapsody Phase 3, Basavanna Nagar, Whitefield, Bangalore",2 Lac,2424 sqft,Flat,Semi-Furnished,East
Bangalore,3,"Kalena Agrahara, Bangalore",34000,1150 sqft,Flat,Furnished,West
Bangalore,2,"Brigade Lakefront, Hoodi, Hoodi, Bangalore",65000,877 sqft,Flat,Semi-Furnished,West
Bangalore,3,"Nisarga Keerthana, Hosur Road, Bangalore",17999,1411 sqft,Flat,Furnished,
Bangalore,2,"Godrej E City Phase II, Electronic City, Bangalore",32000,900 sqft,Flat,Semi-Furnished,East
Bangalore,4,Junnasandra Bangalore,1.3 Lac,5500 sqft,Villa,Furnished,East
Bangalore,3,"Sattva Misty Charm, Mallasandra, Bangalore",45000,1230 sqft,Flat,Semi-Furnished,West
Bangalore,2,"Monarch Nest, Old Madras Road, Bangalore",40000,1050 sqft,Flat,Semi-Furnished,East
Bangalore,3,"Peninsula Pinnacle, Confident Rigel Althena, Bangalore",25000,1120 sqft,Flat,Semi-Furnished,East
Bangalore,3,"Sobha Cinnamon, Haralur, Bangalore",60000,1600 sqft,Flat,Furnished,East
Bangalore,3,"Brigade Golden Triangle, Aavalahalli, Bangalore",40000,1200 sqft,Flat,Semi-Furnished,East
Bangalore,3,"Sobha Habitech, Whitefield, Bangalore",60000,1430 sqft,Flat,Unfurnished,East
Bangalore,2,"Nitesh Central Park, Bellary Road, Bangalore",32000,1061 sqft,Flat,Unfurnished,West
Bangalore,3,"Total Time, Indiranagar, Bangalore",3 Lac,2929 sqft,Flat,Furnished,West
Bangalore,2,"Bren Edgewaters, Sarjapur Road, Bangalore",48000,910 sqft,Flat,Semi-Furnished,West
Bangalore,2,"Northroof Nitesh Hyde Park II, Bannerghatta Main Road, Bangalore",32000,800 sqft,Flat,Semi-Furnished,West
Bangalore,3,"Brigade Cosmopolis, Whitefield, Bangalore",68000,1790 sqft,Flat,Semi-Furnished,West
Bangalore,3,"Krypton at Brigade Eldorado, Huvinayakanahalli, Bangalore",45000,1092 sqft,Flat,Semi-Furnished,East
Bangalore,3,"Yarandahalli, Bangalore",43000,1480 sqft,Flat,Semi-Furnished,East
Bangalore,3,BSF Campus Bangalore,90000,2300 sqft,Villa,Furnished,East
Bangalore,3,"Aanvi Alps, Sarjapur Road, Bangalore",45000,1450 sqft,Flat,Furnished,North
Bangalore,3,"Karle Zenith, Hebbal, Bangalore",1 Lac,2500 sqft,Flat,Semi-Furnished,East
Bangalore,3,"Sobha Palm Court, Prakruthi Nagar Kogilu, Bangalore",50000,1360 sqft,Flat,Semi-Furnished,East
Bangalore,3,"Mahaveer Regal, Basavanna Nagar, Whitefield, Bangalore",46000,1430 sqft,Flat,Semi-Furnished,North - East
Bangalore,3,"Prestige Gulmohar, Horamavu, Bangalore",58000,1320 sqft,Flat,Semi-Furnished,East
Bangalore,3,"Blue Lotus Apartments, Kadubeesanahalli, Bangalore",62000,1450 sqft,Flat,Furnished,East
Bangalore,3,"Tranquil at Brigade Cornerstone Utopia, Varthur, Bangalore",63000,1207 sqft,Flat,Unfurnished,West
Bangalore,3,"Karle Zenith, Hebbal, Bangalore",90000,2513 sqft,Flat,Semi-Furnished,East
Bangalore,3,"L And T Raintree Boulevard Phase 2, Byatarayanapura, Bangalore",58000,989 sqft,Flat,Semi-Furnished,North - East
Bangalore,3,"Block 1st JayaNagar, Bangalore",60000,1800 sqft,Flat,Unfurnished,East
Bangalore,3,"Shapoorji Pallonji Parkwest Phase 2, Binny Pete, Bangalore",65000,2000 sqft,Flat,Semi-Furnished,East
Bangalore,2,"Ankuraa Lotus, Whitefield, Bangalore",49000,850 sqft,Flat,Furnished,North - East
Bangalore,4,Sadashiva Nagara Bangalore,2.7 Lac,2500 sqft,House,Semi-Furnished,North
Bangalore,3,"Avalon Park At The Prestige City, Confident Rigel Althena, Bangalore",65000,1077 sqft,Flat,Semi-Furnished,North - East
Bangalore,1,"Prestige Primrose Hills, Stage 6th Banashankari, Bangalore",22000,589 sqft,Flat,Semi-Furnished,
Bangalore,3,"Marble Arch, Pulikeshi Nagar, Bangalore",38000,1500 sqft,Flat,Furnished,South
Bangalore,3,"Assetz East Point, Marathahalli, Bangalore",82000,1700 sqft,Flat,Semi-Furnished,East
Bangalore,2,"Jal Vayu Vihar, Kalyan Nagar, Bangalore",30000,650 sqft,Flat,Semi-Furnished,East
Bangalore,3,"Prestige Waterford, Ecc Road, Whitefield, Bangalore",90000,1550 sqft,Flat,Semi-Furnished,North - East
Bangalore,4,"Epip Zone, Whitefield Bangalore",4.5 Lac,3500 sqft,Villa,Semi-Furnished,North
Bangalore,3,"Prestige Estates Shantiniketan, Whitefield, Bangalore",90000,2072 sqft,Flat,Semi-Furnished,South
Bangalore,3,"MRKR Mera Homes, Whitefield, Bangalore",56000,1844 sqft,Flat,Semi-Furnished,East
Bangalore,3,"Sobha Eternia, Haralur, Bangalore",65000,1750 sqft,Flat,Semi-Furnished,North
Bangalore,4,"Whitefield, Bangalore",1.2 Lac,3000 sqft,Flat,Semi-Furnished,North - West
Bangalore,2,"Prestige Falcon City, Anjanadri Layout, Konanakunte, Bangalore",46000,1375 sqft,Flat,Semi-Furnished,East
Bangalore,3,Phase 5 JP Nagar Bangalore,50000,2000 sqft,House,Semi-Furnished,North
Bangalore,2,"Jayani Paradise, Mahadevapura, Bangalore",45000,1215 sqft,Flat,Semi-Furnished,East
Bangalore,3,"Prestige Sunrise Park, Electronic City, Bangalore",40000,1120 sqft,Flat,Semi-Furnished,East
Bangalore,2,"The greens, Doddanekundi, Kartik Nagar, Bangalore",40000,1055 sqft,Flat,Semi-Furnished,East
Bangalore,2,"Needs 3, Haralur Main Road, Bangalore",35000,832 sqft,Flat,Unfurnished,East
Bangalore,4,"Prestige White Meadows Villas, Whitefield, Bangalore",3.8 Lac,5900 sqft,Flat,Unfurnished,North
Bangalore,2,"Kodihalli, Bangalore",25000,850 sqft,Flat,Semi-Furnished,West
Bangalore,3,"Godrej Air, Hoodi, Hoodi, Bangalore",80000,1400 sqft,Flat,Unfurnished,East
Bangalore,3,"natasha golf view apartments, Domlur, Domlur, Bangalore",75000,1900 sqft,Flat,Furnished,North
Bangalore,3,"Green Glen Layout, Bellandur, Outer Ring Road, Bangalore",65000,1950 sqft,Flat,Semi-Furnished,East
Bangalore,2,"SJR Watermark, Sarjapur Road, Bangalore",60000,1450 sqft,Flat,Unfurnished,North
Bangalore,4,"Meadow In The Sun, Kasavanahalli, Bangalore",1.1 Lac,4000 sqft,Flat,Semi-Furnished,North - East
Bangalore,3,"Adarsh Palm Retreat Tower I, Adarsh Palm Retreat, Bellandur, Bangalore",75000,1850 sqft,Flat,Semi-Furnished,North
Bangalore,4,"Doopanahalli, Indira nagar Bangalore",68000,1600 sqft,Villa,Semi-Furnished,East
Bangalore,4,"Prestige Jade Pavilion, Marathahalli Sarjapur Outer Ring Road, Bangalore",1.3 Lac,2524 sqft,Flat,Semi-Furnished,East
Bangalore,4,Yelahanka Bangalore,2.6 Lac,4000 sqft,Villa,Semi-Furnished,East
Bangalore,2,"Kothanur, Bangalore",28800,1100 sqft,Flat,Furnished,East
Bangalore,3,"Palace Garden Apartments, Vasanth Nagar, Bangalore",70000,1800 sqft,Flat,Semi-Furnished,
Bangalore,3,"Godrej Platinum, Hebbal, Bangalore",1 Lac,2200 sqft,Flat,Semi-Furnished,West
Bangalore,2,JP nagar phase 6 Bangalore,25 Lac,850 sqft,House,Semi-Furnished,North - East
Bangalore,3,"Incor Carmel Heights, Whitefield, Bangalore",70000,1440 sqft,Flat,Semi-Furnished,
Bangalore,2,Bangalore,35999,1250 sqft,Flat,Semi-Furnished,East
Bangalore,2,"Tranquil at Brigade Cornerstone Utopia, Varthur, Bangalore",52000,1007 sqft,Flat,Semi-Furnished,West
Bangalore,2,"House of Hiranandani Devanahalli, Devanahalli, Bangalore",30000,750 sqft,Flat,Furnished,East
Bangalore,4,Seegehalli Bangalore,1.3 Lac,2250 sqft,Villa,Semi-Furnished,North - West
Bangalore,3,"GR Signature, Whitefield, Bangalore",38000,1300 sqft,Flat,Semi-Furnished,North - East
Bangalore,2,"ITI Layout HSR Layout, Bangalore",45000,1000 sqft,Flat,Semi-Furnished,East
Bangalore,1,"Brigade Enterprises Parkside East, Sarjapur Road, Bangalore",35000,800 sqft,Flat,Semi-Furnished,North - East
Bangalore,3,Sarjapura Bangalore,35000,1550 sqft,Villa,Semi-Furnished,North - East
Bangalore,3,"Bren Avalon, Marathahalli, Bangalore",64000,1419 sqft,Flat,Semi-Furnished,East
Bangalore,3,"Bhartiya Nikoo Homes, Thanisandra, Bangalore",45000,1099 sqft,Flat,Semi-Furnished,North - East
Bangalore,2,"Banyan Tree, Bellandur, Outer Ring Road, Bangalore",50000,1680 sqft,Flat,Semi-Furnished,East
Bangalore,1,"Sector 5th HSR Layout, Bangalore",21000,640 sqft,Flat,Unfurnished,East
Bangalore,4,"Brigade Rhapsody, Jayamahal, Jayamahal, Bangalore",2.5 Lac,3500 sqft,Flat,Furnished,East
Bangalore,3,"Maithri Shilpitha Splendour Annex, Marathahalli, Bangalore",58000,1300 sqft,Flat,Semi-Furnished,East
Bangalore,3,"Prestige Misty Waters, Hebbal, Bangalore",65000,1350 sqft,Flat,Furnished,West
Bangalore,4,Yelahanka Bangalore,2 Lac,4000 sqft,Villa,Semi-Furnished,East
Bangalore,2,"The HSR Club residency, Hsr Layout, Bangalore",48000,1110 sqft,Flat,Semi-Furnished,East
Bangalore,3,"Bhartiya City Nikoo Homes, Thanisandra, Bangalore",42000,1265 sqft,Flat,Semi-Furnished,East
Bangalore,2,"Mahaveer Jonquil, J P Nagar, Bangalore",31000,1100 sqft,Flat,Semi-Furnished,East
Bangalore,1,"Sowparnika Ashiyana, Whitefield, Bangalore",15000,372 sqft,Flat,Furnished,East
Bangalore,4,Battarahalli Bangalore,90000,2490 sqft,House,Semi-Furnished,West
Bangalore,2,"Ozone Evergreens, Haralur Main Road, Bangalore",44000,977 sqft,Flat,Semi-Furnished,West
Bangalore,3,Basavanagudi Bangalore,50000,2400 sqft,House,Semi-Furnished,West
Bangalore,3,"Halasuru, Bangalore",71000,1795 sqft,Flat,Semi-Furnished,South - East
Bangalore,3,"Astro Rosewood Regency, Kaikondrahalli, Bangalore",55000,1650 sqft,Flat,Semi-Furnished,North
Bangalore,2,"Prestige Finsbury Park Regent, Bagalur Main Road, Bangalore",24000,920 sqft,Flat,Semi-Furnished,North - East
Bangalore,1,Bangalore,11000,750 sqft,Flat,Semi-Furnished,
Bangalore,3,"Prestige Abshot, Abshot Layout, Palace Road, Bangalore",2 Lac,3099 sqft,Flat,Furnished,East
Bangalore,1,"Chinnapanna Halli, Bangalore",18000,900 sqft,Flat,Semi-Furnished,North
Bangalore,3,Sector 1st HSR Layout Bangalore,76000,1842 sqft,House,Unfurnished,North
Bangalore,3,Begur Koppa Road Bangalore,70000,3800 sqft,Villa,Unfurnished,East
Bangalore,2,"Maithri Shilpitha Splendour Annex, Marathahalli, Bangalore",42000,1248 sqft,Flat,Semi-Furnished,North - East
Bangalore,3,"Provident Capella, Channasandra, Bangalore",45000,745 sqft,Flat,Semi-Furnished,East
Bangalore,3,"Keerthi Signature, Itpl, Whitefield, Bangalore",68000,1610 sqft,Flat,Furnished,East
Bangalore,2,"Sobha Dream Acres, Panathur, Bangalore",50000,1220 sqft,Flat,Furnished,East
Bangalore,3,"Puravankara Purva Westend, Hosur Road, Bangalore",75000,1850 sqft,Flat,Semi-Furnished,East
Bangalore,1,"Singasandra, Hosur Road, Bangalore",18000,450 sqft,Flat,Semi-Furnished,North
Bangalore,3,"Parijatha Apartments, Bellandur, Outer Ring Road, Bangalore",55000,1390 sqft,Flat,Furnished,East
Bangalore,3,"Sector 2 HSR Layout, Bangalore",70000,1300 sqft,Flat,Semi-Furnished,North - East
Bangalore,3,Phase 3rd JP Nagar Bangalore,1.2 Lac,3000 sqft,House,Semi-Furnished,East
Bangalore,3,"Sobha Hibiscus, Outer Ring Road, Bangalore",65000,1770 sqft,Flat,Semi-Furnished,East
Mumbai,3,"Lodha The World Towers, Lodha The World Towers, Lower Parel, Mumbai",4.5 Lac,2195 sqft,Flat,Furnished,East
Mumbai,3,"Trump Tower, Trump Tower, Worli, Mumbai",3.5 Lac,2100 sqft,Flat,Unfurnished,North
Mumbai,2,"Piramal Mahalaxmi, Piramal Mahalaxmi, Mahalakshmi, Mumbai",2 Lac,775 sqft,Flat,Semi-Furnished,East
Mumbai,4,"Lodha Woods, Lodha Woods, Lokhandwala Township Kandivali East, Mumbai",1 Lac,1520 sqft,Flat,Unfurnished,East
Mumbai,5,"Hiranandani Richmond, Hiranandani Richmond, Powai, Mumbai",5.5 Lac,3800 sqft,Flat,Semi-Furnished,East
Mumbai,4,"Trump Tower, Trump Tower, Worli, Mumbai",4 Lac,1605 sqft,Flat,Semi-Furnished,West
Mumbai,4,"Dosti Acres, Dosti Acres, Wadala East, Mumbai",2 Lac,1600 sqft,Flat,Furnished,
Mumbai,4,"Juhu, Mumbai",6.5 Lac,2650 sqft,Flat,Semi-Furnished,East
Mumbai,5,"K Raheja Vivarea, K Raheja Vivarea, Mahalakshmi, Mumbai",11 Lac,4400 sqft,Flat,Semi-Furnished,South -West
Mumbai,2,"Dheeraj Gaurav Heights, Dheeraj Gaurav Heights, Andheri West, Mumbai",65000,800 sqft,Flat,Semi-Furnished,North
Mumbai,2,"Dosti Eastern Bay, Dosti Eastern Bay, Wadala East, Mumbai",88000,675 sqft,Flat,Semi-Furnished,North
Mumbai,3,"Oberoi Exquisite II, Oberoi Exquisite II, Goregaon East, Mumbai",2.3 Lac,1820 sqft,Flat,Semi-Furnished,East
Mumbai,2,"Hiranandani Castle Rock, Hiranandani Castle Rock, Powai, Mumbai",1.2 Lac,777 sqft,Flat,Semi-Furnished,East
Mumbai,3,"Wadhwa The Address, Wadhwa The Address, Ghatkopar West, Mumbai",1.3 Lac,1170 sqft,Flat,Semi-Furnished,North
Mumbai,1,"Ajmera Greenfinity, Ajmera Greenfinity, Wadala East, Mumbai",52000,340 sqft,Flat,Unfurnished,North - East
Mumbai,2,"Shree Naman Premier, Shree Naman Premier, Andheri East, Mumbai",62000,577 sqft,Flat,Unfurnished,North
Mumbai,2,"Raheja Serenity, Raheja Serenity, Kandivali East, Mumbai",67000,720 sqft,Flat,Unfurnished,East
Mumbai,2,"Hiranandani Castle Rock, Hiranandani Castle Rock, Powai, Mumbai",1.6 Lac,777 sqft,Flat,Furnished,East
Mumbai,3,"Juhu, Mumbai",3.5 Lac,1800 sqft,Flat,Furnished,East
Mumbai,3,"Juhu, Mumbai",2.3 Lac,1300 sqft,Flat,Furnished,North - East
Mumbai,3,"Rustomjee Seasons, Rustomjee Seasons, Bandra East, Mumbai",3.9 Lac,1460 sqft,Flat,Semi-Furnished,South - East
Mumbai,3,"Chembur, Mumbai",1.4 Lac,1275 sqft,Flat,Semi-Furnished,East
Mumbai,4,"Juhu, Mumbai",6.5 Lac,2500 sqft,Flat,Unfurnished,North
Mumbai,4,"Dheeraj Insignia Apartment, Dheeraj Insignia Apartment, Bandra East, Mumbai",1.7 Lac,1850 sqft,Flat,Unfurnished,East
Mumbai,2,"SD Siennaa, SD Siennaa, Kandivali East, Mumbai",54000,740 sqft,Flat,Unfurnished,East
Mumbai,3,"Ekta Tripolis, Ekta Tripolis, Goregaon West, Mumbai",85000,800 sqft,Flat,Semi-Furnished,South - East
Mumbai,2,"Gagangiri Gagan 138, Gagangiri Gagan 138, Kurla East, Mumbai",65000,700 sqft,Flat,Furnished,East
Mumbai,3,"HDIL Metropolis, HDIL Metropolis, Andheri West, Mumbai",1.4 Lac,1322 sqft,Flat,Semi-Furnished,East
Mumbai,2,"Runwal Forests, Runwal Forests, Kanjurmarg West, Mumbai",60000,635 sqft,Flat,Furnished,West
Mumbai,3,"Omkar Alta Monte, Omkar Alta Monte, Malad East, Mumbai",1.1 Lac,1230 sqft,Flat,Unfurnished,East
Mumbai,2,"Sunteck City Avenue 1, Sunteck City Avenue 1, Goregaon West, Mumbai",76000,905 sqft,Flat,Unfurnished,East
Mumbai,3,"Ekta Bhoomi Gardens III, Ekta Bhoomi Gardens III, Borivali East, Mumbai",75000,1050 sqft,Flat,Furnished,East
Mumbai,2,"Piramal Revanta, Piramal Revanta, Mulund West, Mumbai",64000,780 sqft,Flat,Semi-Furnished,East
Mumbai,2,"Godrej The Trees, Godrej The Trees, Vikhroli East, Mumbai",1.1 Lac,770 sqft,Flat,Semi-Furnished,East
Mumbai,4,"Ahuja Towers, Ahuja Towers, Worli, Mumbai",13 Lac,4200 sqft,Flat,Furnished,East
Mumbai,3,"Oberoi Esquire, Oberoi Esquire, Goregaon East, Mumbai",2.6 Lac,1369 sqft,Flat,Semi-Furnished,North - East
Mumbai,2,"Sheth Auris Serinity, Sheth Auris Serinity, Malad West, Mumbai",75000,806 sqft,Flat,Semi-Furnished,East
Mumbai,3,"Aditya Runwal Elegante, Aditya Runwal Elegante, Andheri West, Mumbai",1.9 Lac,1365 sqft,Flat,Semi-Furnished,North - West
Mumbai,2,"Khar West, Mumbai",1.2 Lac,800 sqft,Flat,Semi-Furnished,North - West
Mumbai,2,"Kalpataru Primus Residences, Kalpataru Primus Residences, Santacruz East, Mumbai",1 Lac,700 sqft,Flat,Furnished,East
Mumbai,2,"Lodha Aurum Grande, Lodha Aurum Grande, Kanjurmarg East, Mumbai",70000,950 sqft,Flat,Furnished,East
Mumbai,3,"Raheja Classique, Raheja Classique, Andheri West, Mumbai",1.8 Lac,1300 sqft,Flat,Furnished,North - East
Mumbai,3,"Shiv Shakti Apartments, Shiv Shakti Apartments, Andheri West, Mumbai",1.5 Lac,1200 sqft,Flat,Furnished,North - West
Mumbai,3,"Worli, Mumbai",2.4 Lac,1092 sqft,Flat,Semi-Furnished,East
Mumbai,2,"Godrej The Trees, Godrej The Trees, Vikhroli East, Mumbai",1.1 Lac,753 sqft,Flat,Unfurnished,East
Mumbai,4,"Windsor Grande Residences, Windsor Grande Residences, Andheri West, Mumbai",5.5 Lac,3050 sqft,Flat,Furnished,East
Mumbai,4,"Lodha World View, Lodha World View, Worli, Mumbai",5.5 Lac,2087 sqft,Flat,Furnished,
Mumbai,1,"L & T Veridian at Emerald Isle, L & T Veridian at Emerald Isle, Powai, Mumbai",55500,390 sqft,Flat,Semi-Furnished,North - East
Mumbai,3,"Chembur, Mumbai",1.8 Lac,1235 sqft,Flat,Semi-Furnished,East
Mumbai,4,"Parishram By Rustomjee, Parishram By Rustomjee, Bandra West, Mumbai",6.5 Lac,1900 sqft,Flat,Semi-Furnished,South -West
Mumbai,3,"Kalpataru Vienta, Kalpataru Vienta, Kandivali East, Mumbai",93000,1012 sqft,Flat,Unfurnished,North - East
Mumbai,3,"Viceroy SAVANA, Viceroy SAVANA, Kandivali East, Mumbai",1.3 Lac,1060 sqft,Flat,Unfurnished,
Mumbai,3,"Rajesh White City, Rajesh White City, Kandivali East, Mumbai",70000,1200 sqft,Flat,Semi-Furnished,North - East
Mumbai,2,"Sheth Vasant Blossom, Sheth Vasant Blossom, Andheri East, Mumbai",74999,700 sqft,Flat,Semi-Furnished,East
Mumbai,4,"Chembur, Mumbai",1.4 Lac,1450 sqft,Flat,Semi-Furnished,East
Mumbai,3,"Virmati Villa CHS, Virmati Villa CHS, Borivali West, Mumbai",60000,845 sqft,Flat,Unfurnished,
Mumbai,3,"Vile Parle East, Mumbai",1.8 Lac,1600 sqft,Flat,Unfurnished,East
Mumbai,2,"Omkar Raga, Omkar Raga, Chembur, Mumbai",62000,700 sqft,Flat,Unfurnished,East
Mumbai,3,"Union Park, Union Park, Chembur, Mumbai",1.3 Lac,1400 sqft,Flat,Unfurnished,North - East
Mumbai,1,"L & T Veridian at Emerald Isle, L & T Veridian at Emerald Isle, Powai, Mumbai",55000,400 sqft,Flat,Semi-Furnished,East
Mumbai,3,"Lodha Park, Lodha Park, Worli, Mumbai",2.4 Lac,1092 sqft,Flat,Unfurnished,West
Mumbai,2,"Dayal Smruti, Dayal Smruti, Kandivali West, Mumbai",52000,670 sqft,Flat,Unfurnished,East
Mumbai,3,"Panch Ritu, Panch Ritu, Powai, Mumbai",90000,1150 sqft,Flat,Semi-Furnished,East
Mumbai,1,"K Raheja Palm Court, K Raheja Palm Court, Malad West, Mumbai",40000,650 sqft,Flat,Semi-Furnished,East
Mumbai,2,"Kalpataru Primus, Kalpataru Primus, Santacruz East, Mumbai",90000,680 sqft,Flat,Semi-Furnished,East
Mumbai,2,"Sethia Grandeur, Sethia Grandeur, Bandra East, Mumbai",1 Lac,690 sqft,Flat,Furnished,East
Mumbai,2,"Golden Square, Golden Square, Santacruz East, Mumbai",90000,775 sqft,Flat,Semi-Furnished,East
Mumbai,3,"Alpine Shapoorji Pallonji, Alpine Shapoorji Pallonji, Kandivali East, Mumbai",90000,1250 sqft,Flat,Unfurnished,East
Mumbai,3,"Neelkanth Valley, Neelkanth Valley, Ghatkopar East, Mumbai",1.2 Lac,1294 sqft,Flat,Furnished,East
Mumbai,5,"Omkar Alta Monte, Omkar Alta Monte, Malad East, Mumbai",3 Lac,4053 sqft,Flat,Unfurnished,East
Mumbai,3,"Kandivali West, Mumbai",85000,1050 sqft,Flat,Unfurnished,East
Mumbai,2,"Vile Parle East, Mumbai",99000,740 sqft,Flat,Unfurnished,East
Mumbai,3,"Lodha Fiorenza, Lodha Fiorenza, Goregaon East, Mumbai",1.6 Lac,1081 sqft,Flat,Semi-Furnished,East
Mumbai,3,"L&T Emerald Isle, L&T Emerald Isle, Powai, Mumbai",1.3 Lac,1050 sqft,Flat,Semi-Furnished,East
Mumbai,2,"Dudhsagar Apartment, Dudhsagar Apartment, Goregaon East, Mumbai",50000,650 sqft,Flat,Semi-Furnished,North
Mumbai,4,"Shivaji Park, Mumbai",2.6 Lac,1450 sqft,Flat,Furnished,East
Mumbai,2,"SD Epsilon, SD Epsilon, Kandivali East, Mumbai",51000,631 sqft,Flat,Semi-Furnished,North
Mumbai,2,"Mahindra Roots, Mahindra Roots, Kandivali East, Mumbai",46000,750 sqft,Flat,Unfurnished,
Mumbai,1,"Bandra West, Mumbai",65000,500 sqft,Flat,Semi-Furnished,East
Mumbai,4,"Shree Mahavir Aditya Chsl, Shree Mahavir Aditya Chsl, Juhu, Mumbai",4.5 Lac,2100 sqft,Flat,Furnished,West
Mumbai,3,"Kabra Diamante, Kabra Diamante, Goregaon West, Mumbai",85000,975 sqft,Flat,Semi-Furnished,West
Mumbai,3,"Konark Aria Park, Konark Aria Park, Mulund East, Mumbai",76000,1031 sqft,Flat,Unfurnished,East
Mumbai,2,"Ghatkopar East, Mumbai",40000,511 sqft,Flat,Unfurnished,North - West
Mumbai,2,"Runwal Greens, Runwal Greens, Mulund West, Mumbai",53000,710 sqft,Flat,Semi-Furnished,North - West
Mumbai,4,"HDIL Metropolis, HDIL Metropolis, Andheri West, Mumbai",1.9 Lac,1650 sqft,Flat,Unfurnished,East
Mumbai,3,"Raheja Acropolis, Raheja Acropolis, Chembur, Mumbai",85000,950 sqft,Flat,Unfurnished,East
Mumbai,3,"Juhu, Mumbai",2.5 Lac,2400 sqft,Flat,Semi-Furnished,East
Mumbai,1,"Borivali West, Mumbai",30000,415 sqft,Flat,Semi-Furnished,East
Mumbai,1,"Mountain Breeze, Mountain Breeze, Powai, Mumbai",30000,350 sqft,Flat,Unfurnished,East
Mumbai,3,"Hiranandani Highland, Hiranandani Highland, Powai, Mumbai",1.3 Lac,785 sqft,Flat,Semi-Furnished,East
Mumbai,2,"Shapoorji Pallonji Vicinia, Shapoorji Pallonji Vicinia, Powai, Mumbai",86000,888 sqft,Flat,Semi-Furnished,North - East
Mumbai,2,"SD Siennaa, SD Siennaa, Kandivali East, Mumbai",53000,721 sqft,Flat,Unfurnished,West
Mumbai,3,"Wadala East, Mumbai",1.8 Lac,1330 sqft,Flat,Semi-Furnished,East
Mumbai,2,"L&T Emerald Isle Phase 2, L&T Emerald Isle Phase 2, Powai, Mumbai",85000,800 sqft,Flat,Semi-Furnished,East
Mumbai,2,"Vile Parle East, Mumbai",75000,750 sqft,Flat,Unfurnished,East
Mumbai,2,"Chandak Cornerstone, Chandak Cornerstone, Worli, Mumbai",1.4 Lac,581 sqft,Flat,Semi-Furnished,East
Mumbai,2,"L&T Emerald Isle, L&T Emerald Isle, Powai, Mumbai",80000,635 sqft,Flat,Semi-Furnished,East
Mumbai,1,"Spring Leaf, Spring Leaf, Kandivali East, Mumbai",36000,450 sqft,Flat,Furnished,East
Mumbai,4,"Neelkanth Regent, Neelkanth Regent, Ghatkopar East, Mumbai",1.3 Lac,1600 sqft,Flat,Unfurnished,East
Mumbai,4,"Kanakia Silicon Valley, Kanakia Silicon Valley, Powai, Mumbai",2.2 Lac,1565 sqft,Flat,Semi-Furnished,
Mumbai,2,"Lake Pleasant, Lake Pleasant, Powai, Mumbai",70000,725 sqft,Flat,Unfurnished,East
Mumbai,3,"Kanakia Silicon Valley, Kanakia Silicon Valley, Powai, Mumbai",1.2 Lac,986 sqft,Flat,Semi-Furnished,East
Mumbai,2,"Vasant Sagar, Vasant Sagar, Kandivali East, Mumbai",51000,620 sqft,Flat,Unfurnished,East
Mumbai,3,"Shapoorji Pallonji Vicinia, Shapoorji Pallonji Vicinia, Powai, Mumbai",1.3 Lac,1050 sqft,Flat,Furnished,East
Mumbai,3,"Sunteck City 4th Avenue, Sunteck City 4th Avenue, Goregaon West, Mumbai",1 Lac,968 sqft,Flat,Unfurnished,East
Mumbai,3,"Poseidon Apartment, Poseidon Apartment, Andheri West, Mumbai",1.3 Lac,1000 sqft,Flat,Semi-Furnished,East
Mumbai,2,"Hiranandani Highland, Hiranandani Highland, Powai, Mumbai",82000,590 sqft,Flat,Semi-Furnished,North - East
Mumbai,3,"Lodha Kiara, Lodha Kiara, Worli, Mumbai",3.5 Lac,1092 sqft,Flat,Furnished,
Mumbai,1,"Hiranandani Regent Hill, Hiranandani Regent Hill, Hiranandani Gardens, Mumbai",65000,400 sqft,Flat,Furnished,East
Mumbai,3,"Runwal Bliss, Runwal Bliss, Kanjurmarg East, Mumbai",98000,1085 sqft,Flat,Semi-Furnished,East
Mumbai,3,"Andheri West, Mumbai",1.2 Lac,950 sqft,Flat,Unfurnished,West
Mumbai,2,"Philip Tower, Philip Tower, Borivali West, Mumbai",45000,700 sqft,Flat,Semi-Furnished,North - West
Mumbai,2,"Evershine Tower, Evershine Tower, Kandivali East, Mumbai",60000,650 sqft,Flat,Semi-Furnished,North - East
Mumbai,4,"Lodha World View, Lodha World View, Adarsh Nagar Worli, Mumbai",7 Lac,2400 sqft,Flat,Unfurnished,East
Mumbai,3,"Marathon Monte South, Marathon Monte South, Byculla West, Mumbai",2.5 Lac,1684 sqft,Flat,Semi-Furnished,
Mumbai,3,"Mulund West, Mumbai",65000,912 sqft,Flat,Unfurnished,North - East
Mumbai,4,"Lodha Evoq, Lodha Evoq, Wadala, Mumbai",3 Lac,2005 sqft,Flat,Semi-Furnished,South
Mumbai,4,"Raheja Imperia I, Raheja Imperia I, Worli, Mumbai",3.5 Lac,1479 sqft,Flat,Semi-Furnished,East
Mumbai,2,"Pegasus Towers, Pegasus Towers, Andheri West, Mumbai",65000,600 sqft,Flat,Unfurnished,North - East
Mumbai,3,"Godrej Platinum, Godrej Platinum, Vikhroli East, Mumbai",1.6 Lac,820 sqft,Flat,Semi-Furnished,East
Mumbai,3,"Green Acres Apartment, Green Acres Apartment, Lokhandwala Complex Andheri West, Mumbai",2 Lac,1300 sqft,Flat,Furnished,East
Mumbai,4,"One Avighna Park, One Avighna Park, Lower Parel East, Mumbai",5 Lac,4050 sqft,Flat,Furnished,North - West
Mumbai,3,"Peninsula Salsette 27, Peninsula Salsette 27, Byculla, Mumbai",1.7 Lac,1191 sqft,Flat,Semi-Furnished,West
Mumbai,1,"Juhu Lane, Mumbai",63000,510 sqft,Flat,Unfurnished,East
Mumbai,4,"Oberoi Sky City, Oberoi Sky City, Dattapada, Mumbai",1.5 Lac,1390 sqft,Flat,Semi-Furnished,East
Mumbai,3,"Lodha World Crest, Lodha World Crest, Lower Parel, Mumbai",5 Lac,1800 sqft,Flat,Furnished,South -West
Mumbai,2,"Mayfair Hillcrest, Mayfair Hillcrest, Vikhroli West, Mumbai",65000,700 sqft,Flat,Semi-Furnished,East
Mumbai,2,"Sai Sanskar, Sai Sanskar, Chembur, Mumbai",80000,724 sqft,Flat,Semi-Furnished,East
Mumbai,3,"Kanakia Paris, Kanakia Paris, Bandra Kurla Complex, Mumbai",1.4 Lac,1420 sqft,Flat,Furnished,East
Mumbai,3,"Sugee Akanksha, Sugee Akanksha, Dadar, Mumbai",2 Lac,1050 sqft,Flat,Unfurnished,West
Mumbai,1,"Harsh Residency, Harsh Residency, Mira Road East, Mumbai",23000,457 sqft,Flat,Semi-Furnished,East
Mumbai,2,"Mahavir Nagar Kandivali West, Mumbai",60000,700 sqft,Flat,Unfurnished,North
Mumbai,4,"Lodha New Cuffe Parade, Lodha New Cuffe Parade, Wadala East, Mumbai",3.1 Lac,2200 sqft,Flat,Unfurnished,South
Mumbai,3,"Oberoi Eternia And Enigma, Oberoi Eternia And Enigma, Mulund West, Mumbai",72000,912 sqft,Flat,Semi-Furnished,North
Mumbai,1,"Ashok Nagar CHS, Ashok Nagar CHS, Ashok Nagar Borivali West, Mumbai",35000,420 sqft,Flat,Furnished,West
Mumbai,3,"Rustomjee Seasons, Rustomjee Seasons, Bandra Kurla Complex, Mumbai",2.4 Lac,1140 sqft,Flat,Furnished,East
Mumbai,3,"Pali Village, Mumbai",1.6 Lac,1700 sqft,Flat,Furnished,East
Mumbai,4,"Wadhwa Anmol Prestige, Wadhwa Anmol Prestige, Mahesh Nagar, Mumbai",1.9 Lac,1650 sqft,Flat,Furnished,West
Mumbai,2,"Matunga East, Mumbai",55000,750 sqft,Flat,Unfurnished,North
Mumbai,3,"Oberoi Sky City, Oberoi Sky City, Dattapada, Mumbai",1.1 Lac,1100 sqft,Flat,Semi-Furnished,East
Mumbai,2,Mumbai,75000,950 sqft,Flat,Semi-Furnished,East
Mumbai,4,"Lodha Altamount, Lodha Altamount, Gowalia Tank, Mumbai",18 Lac,2405 sqft,Flat,Furnished,East
Mumbai,1,"Sion East, Sion East, Sion Chunabhatti, Mumbai",29000,490 sqft,Flat,Unfurnished,East
Mumbai,3,"Oberoi Sky City, Oberoi Sky City, Borivali East, Mumbai",1.1 Lac,1132 sqft,Flat,Unfurnished,West
Mumbai,4,"Wadhwa TW Gardens, Wadhwa TW Gardens, Thakur Village, Kandivali East, Mumbai",1.4 Lac,1250 sqft,Flat,Semi-Furnished,West
Mumbai,3,"Raheja Serenity, Raheja Serenity, Thakur Village, Kandivali East, Mumbai",75000,914 sqft,Flat,Unfurnished,South - East
Mumbai,3,"Arshie Complex, Arshie Complex, Inlaks Nagar, Mumbai",1.2 Lac,1200 sqft,Flat,Furnished,North
Mumbai,3,"Oberoi Esquire, Oberoi Esquire, Goregaon East, Mumbai",2.3 Lac,989 sqft,Flat,Semi-Furnished,North - East
Mumbai,3,"Indiabulls Sky, Indiabulls Sky, Lower Parel West, Mumbai",4 Lac,1800 sqft,Flat,Furnished,East
Mumbai,3,"Wadala, Mumbai",1.7 Lac,1086 sqft,Flat,Unfurnished,East
Mumbai,4,"81 Aureate, 81 Aureate, Reclamation, Mumbai",8.4 Lac,4212 sqft,Flat,Furnished,North - East
Mumbai,4,"Raheja Imperia I, Raheja Imperia I, Worli, Mumbai",5.8 Lac,2000 sqft,Flat,Semi-Furnished,East
Mumbai,2,"Jankalyan Nagar, Mumbai",35000,555 sqft,Flat,Unfurnished,West
Mumbai,1,"Mulund East, Mumbai",26000,525 sqft,Flat,Semi-Furnished,East
Mumbai,3,"Radius 10 BKC, Radius 10 BKC, Income Tax Colony Bandra Kurla Complex, Mumbai",2.3 Lac,1150 sqft,Flat,Semi-Furnished,West
Mumbai,5,"Piramal Aranya , Piramal Aranya, Byculla, Mumbai",4.3 Lac,1900 sqft,Flat,Semi-Furnished,East
Mumbai,4,"Avighna 9, Avighna 9, Lower Parel, Mumbai",5.3 Lac,3000 sqft,Flat,Semi-Furnished,
Mumbai,2,"Gurukrupa Marina Enclave, Gurukrupa Marina Enclave, Jankalyan Nagar, Mumbai",52000,640 sqft,Flat,Unfurnished,East
Mumbai,1,"Sethia Green View, Sethia Green View, Motilal Nagar 2, Mumbai",37000,395 sqft,Flat,Unfurnished,East
Mumbai,2,"Sheth Vasant Utsav, Sheth Vasant Utsav, Thakur Village, Kandivali East, Mumbai",58000,670 sqft,Flat,Furnished,East
Mumbai,4,"Rustomjee Crown, Rustomjee Crown, Prabhadevi, Mumbai",5.5 Lac,2100 sqft,Flat,Unfurnished,West
Mumbai,3,"DLH The Park Residences, DLH The Park Residences, Andheri West, Mumbai",1.8 Lac,1116 sqft,Flat,Semi-Furnished,East
Mumbai,4,"Lodha Evoq, Lodha Evoq, Wadala, Mumbai",2.9 Lac,2000 sqft,Flat,Semi-Furnished,North
Mumbai,2,"Arham Kshitij, Arham Kshitij, Chembur, Mumbai",66000,800 sqft,Flat,Semi-Furnished,East
Mumbai,2,"Chembur East, Mumbai",95000,788 sqft,Flat,Furnished,East
Mumbai,2,"Celestia , Celestia, Mulund East, Mumbai",49999,675 sqft,Flat,Furnished,North - East
Mumbai,3,"Kanakia Silicon Valley, Kanakia Silicon Valley, Powai, Mumbai",1.8 Lac,1500 sqft,Flat,Unfurnished,North - East
Mumbai,2,"Runwal Forests, Runwal Forests, Kanjurmarg West, Mumbai",46000,471 sqft,Flat,Semi-Furnished,West
Mumbai,3,"Bombay Springs, Bombay Springs, Dadar East, Mumbai",2.8 Lac,2000 sqft,Flat,Furnished,North - East
Mumbai,2,"Ajmera Ivory Tower, Ajmera Ivory Tower, Bhakti Park, Mumbai",75000,740 sqft,Flat,Semi-Furnished,East
Mumbai,3,"Kanakia Silicon Valley, Kanakia Silicon Valley, Hiranandani Gardens, Mumbai",2 Lac,1332 sqft,Flat,Furnished,East
Mumbai,2,"Mulund West, Mumbai",50000,720 sqft,Flat,Unfurnished,East
Mumbai,4,"Union Park Chembur, Mumbai",2 Lac,2000 sqft,Flat,Unfurnished,East
Mumbai,2,"Dhaval Sunrise Orlem, Dhaval Sunrise Orlem, Malad West, Mumbai",60000,700 sqft,Flat,Unfurnished,South
Mumbai,2,"Lords Nahur, Lords Nahur, Bhandup West, Mumbai",37000,650 sqft,Flat,Semi-Furnished,North - East
Mumbai,3,"Wadhwa TW Gardens, Wadhwa TW Gardens, Kandivali East, Mumbai",75000,918 sqft,Flat,Unfurnished,East
Mumbai,1,"Hiranandani Regent Hill, Hiranandani Regent Hill, Powai, Mumbai",58000,382 sqft,Flat,Semi-Furnished,East
Mumbai,2,"Piramal Revanta, Piramal Revanta, Mulund West, Mumbai",55000,660 sqft,Flat,Unfurnished,East
Mumbai,3,"Lodha Regalia, Lodha Regalia, Hanuman Chowk, Mumbai",75000,977 sqft,Flat,Unfurnished,East
Mumbai,3,"Oberoi Sky City, Oberoi Sky City, Borivali East, Mumbai",1 Lac,1100 sqft,Flat,Semi-Furnished,East
Mumbai,1,"Sheth Irene, Sheth Irene, Ayojan Nagar, Mumbai",45000,459 sqft,Flat,Unfurnished,East
Mumbai,4,"Lodha Fiorenza, Lodha Fiorenza, Goregaon East, Mumbai",3.5 Lac,2076 sqft,Flat,Unfurnished,North - East
Mumbai,3,"Lokhandwala Octacrest, Lokhandwala Octacrest, Lokhandwala Township Kandivali East, Mumbai",75000,1200 sqft,Flat,Unfurnished,North - East
Mumbai,2,"Sector 3 Charkop, Mumbai",45000,630 sqft,Flat,Semi-Furnished,East
Mumbai,2,"Bhakti Park, Bhakti Park, Wadala, Mumbai",65000,710 sqft,Flat,Unfurnished,East
Mumbai,3,"Raheja Heights, Raheja Heights, Malad East, Mumbai",90000,719 sqft,Flat,Unfurnished,East
Mumbai,4,"Lodha World Crest, Lodha World Crest, Lower Parel West, Mumbai",14 Lac,3900 sqft,Flat,Furnished,East
Mumbai,3,"Willadel Apartment, Willadel Apartment, Bandra West, Mumbai",2.9 Lac,1228 sqft,Flat,Furnished,North - West
Mumbai,2,"Thakur Complex, Thakur Complex, Kandivali East, Mumbai",48000,860 sqft,Flat,Semi-Furnished,East
Mumbai,2,"Arkade Earth, Arkade Earth, Kanjurmarg East, Mumbai",64000,784 sqft,Flat,Semi-Furnished,East
Mumbai,2,"Karwa Kairali, Karwa Kairali, Siddharth Nagar Goregaon West, Mumbai",60000,670 sqft,Flat,Unfurnished,East
Mumbai,2,"Evershine Tower, Evershine Tower, Thakur Village, Kandivali East, Mumbai",62000,750 sqft,Flat,Furnished,East
Mumbai,1,"Dadar West, Mumbai",60000,553 sqft,Flat,Unfurnished,North - East
Mumbai,3,"Lodha Aria, Lodha Aria, Sewri West, Mumbai",1.5 Lac,1500 sqft,Flat,Furnished,East
Mumbai,2,"Oberoi Park View, Oberoi Park View, Thakur Village, Kandivali East, Mumbai",72000,801 sqft,Flat,Semi-Furnished,East
Mumbai,4,"Signature Island , Signature Island, Bandra Kurla Complex, Mumbai",14 Lac,4610 sqft,Flat,Furnished,
Mumbai,3,"Hiranandani Highland, Hiranandani Highland, Powai, Mumbai",1.8 Lac,795 sqft,Flat,Semi-Furnished,
Mumbai,1,"MIDC Industrial Estate, Mumbai",7000,250 sqft,Flat,Furnished,
Mumbai,2,"Dedhia Palatial Height, Dedhia Palatial Height, Powai, Mumbai",67000,800 sqft,Flat,Furnished,North - East
Mumbai,3,"Wadhwa Atmosphere, Wadhwa Atmosphere, Mulund West, Mumbai",64000,781 sqft,Flat,Semi-Furnished,North
Pune,5,"Yoo Pune, Yoo Pune, Magarpatta, Pune",3.2 Lac,4650 sqft,Flat,Semi-Furnished,North - East
Pune,4,"Tribeca The Ark Voyage To The Stars, Tribeca The Ark Voyage To The Stars, Mohamadwadi Settlement, Pune",1.5 Lac,2712 sqft,Flat,Unfurnished,West
Pune,3,"Kolte Patil Life Republic, Kolte Patil Life Republic, Hinjawadi, Pune",28500,1200 sqft,Flat,Semi-Furnished,East
Pune,2,"Sinhgad Road, Pune",25000,750 sqft,Flat,Unfurnished,East
Pune,2,"Shapoorji Pallonji Joyville, Shapoorji Pallonji Joyville, Hinjawadi, Pune",24000,700 sqft,Flat,Unfurnished,East
Pune,3,"Green Valley, Green Valley, Wanowrie, Pune",51000,1300 sqft,Flat,Furnished,East
Pune,3,"Camelot Royale, Camelot Royale, Viman Nagar, Pune",60000,1300 sqft,Flat,Furnished,East
Pune,3,"Duville Riverdale Residences, Duville Riverdale Residences, Kharadi, Pune",55000,1065 sqft,Flat,Semi-Furnished,East
Pune,2,"ARV Uthville, ARV Uthville, Kharadi, Pune",33000,800 sqft,Flat,Semi-Furnished,East
Pune,2,"Kolte Patil Life Republic, Kolte Patil Life Republic, Hinjawadi, Pune",23000,830 sqft,Flat,Unfurnished,East
Pune,1,"Paranjape Blue Ridge, Paranjape Blue Ridge, Hinjawadi, Pune",22000,545 sqft,Flat,Unfurnished,East
Pune,2,"Megapolis Sparklet, Megapolis Sparklet, Hinjawadi, Pune",25000,760 sqft,Flat,Unfurnished,East
Pune,1,"Kolte Patil Life Republic, Kolte Patil Life Republic, Hinjawadi, Pune",17000,451 sqft,Flat,Semi-Furnished,East
Pune,2,"Kolte Patil Life Republic, Kolte Patil Life Republic, Hinjawadi, Pune",22400,814 sqft,Flat,Unfurnished,North - East
Pune,2,"Fortaleza, Fortaleza, Kalyani Nagar, Pune",45000,1250 sqft,Flat,Furnished,East
Pune,3,"Kumar Picasso, Kumar Picasso, Amanora Park Town, Pune",44500,1170 sqft,Flat,Furnished,East
Pune,3,"Purple Cloud 9, NIBM Road Pune",58000,2800 sqft,Villa,Furnished,East
Pune,3,"Kalpataru Jade Residences, Kalpataru Jade Residences, Baner, Pune",80000,1750 sqft,Flat,Unfurnished,East
Pune,4,"Pride Purple Park Grandeur, Pride Purple Park Grandeur, Baner, Pune",1.6 Lac,2350 sqft,Flat,Semi-Furnished,East
Pune,3,"Bhandari 43 Privet Drive, Bhandari 43 Privet Drive, Balewadi, Pune",75000,1400 sqft,Flat,Unfurnished,East
Pune,2,"Pantheon Acorn Park, Pantheon Acorn Park, Wakad, Pune",27000,800 sqft,Flat,Unfurnished,East
Pune,2,"Meera Nagar Terrace CHS, Meera Nagar Terrace CHS, Koregaon Park, Pune",45000,1050 sqft,Flat,Furnished,East
Pune,3,"Kolte Patil Elburz Hills And Dales, Kolte Patil Elburz Hills And Dales, NIBM Road, Pune",35000,1300 sqft,Flat,Unfurnished,East
Pune,2,"Shapoorji Joyville Hadapsar Annexe, Shapoorji Joyville Hadapsar Annexe, Hadapsar, Pune",25000,725 sqft,Flat,Unfurnished,East
Pune,2,"Sham Sharan, Sham Sharan, Koregaon Park, Pune",80000,960 sqft,Flat,Furnished,East
Pune,3,"Tribeca The Ark Voyage To The Stars, Tribeca The Ark Voyage To The Stars, NIBM Road, Pune",1.3 Lac,2266 sqft,Flat,Furnished,East
Pune,4,"Nyati Highland Eastern Foundation, NIBM Road Pune",75000,2700 sqft,Villa,Unfurnished,East
Pune,2,"Nandan Inspera, Nandan Inspera, Wakad, Pune",28000,1050 sqft,Flat,Semi-Furnished,East
Pune,2,"Nyati Exuberance I, Nyati Exuberance I, Undri, Pune",19999,800 sqft,Flat,Unfurnished,East
Pune,2,"Megapolis Sangria Towers, Megapolis Sangria Towers, Hinjawadi, Pune",36000,1000 sqft,Flat,Furnished,North
Pune,3,"Marvel Cerise, Marvel Cerise, Kharadi, Pune",57000,1765 sqft,Flat,Unfurnished,East
Pune,2,"Saheel ITrend Life Plus, Saheel ITrend Life Plus, Wakad, Pune",27000,795 sqft,Flat,Semi-Furnished,East
Pune,2,Baner Pune,39999,1570 sqft,Villa,Semi-Furnished,East
Pune,3,"Prabhat, Prabhat, Prabhat Road, Pune",77000,1300 sqft,Flat,Unfurnished,East
Pune,2,"Mantra Insignia, Mantra Insignia, Keshav Nagar Mundhwa, Pune",27000,726 sqft,Flat,Semi-Furnished,East
Pune,3,"Fortaleza, Fortaleza, Kalyani Nagar, Pune",65000,1500 sqft,Flat,Furnished,South
Pune,2,"Three Jewels, Three Jewels, Katraj Kondhwa Road, Pune",25000,850 sqft,Flat,Furnished,East
Pune,2,"Nanded Asawari, Nanded Asawari, Sinhgad Road, Pune",25000,778 sqft,Flat,Semi-Furnished,North - East
Pune,3,"Paranjape Blue Ridge, Paranjape Blue Ridge, Hinjawadi, Pune",47000,1330 sqft,Flat,Semi-Furnished,East
Pune,3,"Duville Riverdale Residences, Duville Riverdale Residences, Kharadi, Pune",52000,1205 sqft,Flat,Semi-Furnished,East
Pune,2,"Bramha Sun City Phase 2, Bramha Sun City Phase 2, Kalyani Nagar, Pune",42000,1000 sqft,Flat,Furnished,West
Pune,2,"Prime Serenity, Prime Serenity, Punawale, Pimpri Chinchwad, Pune",20000,731 sqft,Flat,Semi-Furnished,
Pune,1,"Rahul Eastview, Rahul Eastview, Hadapsar, Pune",15000,460 sqft,Flat,Unfurnished,East
Pune,1,"Mundhwa, Pune",17000,450 sqft,Flat,Unfurnished,East
Pune,2,"Amanora Adreno Towers, Amanora Adreno Towers, Amanora Park Town, Pune",38000,947 sqft,Flat,Unfurnished,North
Pune,2,"Rama Metro Life Maxima Residences, Rama Metro Life Maxima Residences, Tathawade Pimpri Chinchwad, Pune",26000,800 sqft,Flat,Unfurnished,East
Pune,3,"Dorabjee Paradise, Dorabjee Paradise, Mohamadwadi Settlement, Pune",35000,1520 sqft,Flat,Unfurnished,East
Pune,1,"Paranjape Blue Ridge, Paranjape Blue Ridge, Blue Ridge Town Pune, Pune",20000,572 sqft,Flat,Unfurnished,
Pune,2,"Duville Riverdale Heights, Duville Riverdale Heights, Kharadi, Pune",50000,940 sqft,Flat,Semi-Furnished,West
Pune,4,"Lodha Belmondo Estancia B, Lodha Belmondo Estancia B, Gahunje, Pune",1.3 Lac,2500 sqft,Flat,Furnished,East
Pune,3,"Majestique Marbella, Majestique Marbella, Choudhari Wasti, Pune",35000,824 sqft,Flat,Semi-Furnished,East
Pune,2,"Unique K City, Unique K City, Mundhwa, Pune",30000,1020 sqft,Flat,Semi-Furnished,East
Pune,3,"Shagun Nisarg Bavdhan, Bavdhan Pune",70000,2000 sqft,Villa,Furnished,East
Pune,2,"Shapoorji Pallonji Sensorium, Shapoorji Pallonji Sensorium, Hinjawadi, Pune",26000,800 sqft,Flat,Semi-Furnished,East
Pune,1,"Paranjape Blue Ridge, Paranjape Blue Ridge, Hinjawadi, Pune",24000,605 sqft,Flat,Unfurnished,East
Pune,4,"CLOVER Verde, CLOVER Verde, Kalyani Nagar, Pune",2.6 Lac,3250 sqft,Flat,Unfurnished,South - East
Pune,2,"Madhav Baug, Kothrud, Pune",37000,700 sqft,Flat,Semi-Furnished,East
Pune,4,"Naiknavare Swapnashilp, Erandwane Pune",1.2 Lac,2500 sqft,Villa,Semi-Furnished,East
Pune,4,"Panchshil One North, Panchshil One North, Magarpatta, Pune",2.1 Lac,2550 sqft,Flat,Semi-Furnished,East
Pune,2,"Matrix Infra Alfa 1, Matrix Infra Alfa 1, Kharadi, Pune",30000,550 sqft,Flat,Semi-Furnished,East
Pune,2,"Sancheti Mount N Glory , Sancheti Mount N Glory, Kharadi, Pune",43000,850 sqft,Flat,Furnished,East
Pune,3,"Clover Highlands, Clover Highlands, Kondhwa, Pune",48000,1670 sqft,Flat,Unfurnished,East
Pune,2,"Goel Ganga Platino, Goel Ganga Platino, Kharadi, Pune",47000,990 sqft,Flat,Unfurnished,East
Pune,2,"Phase 3 Hinjewadi Rajiv Gandhi Infotech Park, Pune",20050,400 sqft,Flat,Furnished,East
Pune,2,"Ozone Villas, Ozone Villas, Wageshwar Nagar, Pune",30000,1050 sqft,Flat,Unfurnished,East
Pune,3,"VTP Urban Space, VTP Urban Space, Palace Orchard, Mohammed Wadi, Pune",47000,2200 sqft,Flat,Semi-Furnished,East
Pune,3,"Lunkad Sky Vie, Lunkad Sky Vie, Viman Nagar, Pune",85000,1690 sqft,Flat,Furnished,East
Pune,3,"Avalon Elysium, Avalon Elysium, Wakad, Pune",48000,2000 sqft,Flat,Furnished,East
Pune,2,"Shantiban Apartment, Shantiban Apartment, Ganga Dham, Pune",27000,900 sqft,Flat,Furnished,East
Pune,3,"New Front Isabella, New Front Isabella, Lullanagar, Pune",50000,2400 sqft,Flat,Semi-Furnished,East
Pune,4,"AWHO Vijay Vihar, AWHO Vijay Vihar, Wagholi, Pune",35000,1720 sqft,Flat,Semi-Furnished,South
Pune,3,"Kondhwa, Pune",35000,1560 sqft,Flat,Semi-Furnished,East
Pune,2,"Gagan Adira, Gagan Adira, Wagholi, Pune",27000,900 sqft,Flat,Semi-Furnished,East
Pune,2,"Navi Peth, Sadashiv Peth, Pune",50000,800 sqft,Flat,Furnished,East
Pune,1,"Bavdhan, Pune",19000,450 sqft,Flat,Unfurnished,East
Pune,3,"Rachana Bella Casa II, Rachana Bella Casa II, Baner, Pune",48000,1100 sqft,Flat,Furnished,East
Pune,3,"Megapolis Sangria Towers, Megapolis Sangria Towers, Phase 3 Hinjewadi Rajiv Gandhi Infotech Park, Pune",46000,1215 sqft,Flat,Furnished,West
Pune,3,"Marvel Zephyr, Marvel Zephyr, EON Free Zone, Kharadi, Pune",75000,2056 sqft,Flat,Unfurnished,East
Pune,1,"Lunkad Daffodils, Lunkad Daffodils, Viman Nagar, Pune",28000,400 sqft,Flat,Unfurnished,East
Pune,2,"Kohinoor Sapphire, Kohinoor Sapphire, Tathawade Pimpri Chinchwad, Pune",23000,782 sqft,Flat,Semi-Furnished,East
Pune,3,"Lodha Bella Vita, Lodha Bella Vita, NIBM Road, Pune",51000,1550 sqft,Flat,Semi-Furnished,East
Pune,3,"Mohan Nagar CHS, Mohan Nagar CHS, Baner, Pune",36000,1200 sqft,Flat,Unfurnished,East
Pune,4,"Vascon Paradise, Vascon Paradise, Laxman Nagar Baner, Pune",85000,1900 sqft,Flat,Unfurnished,East
Pune,3,"Bhandari Savannah, Bhandari Savannah, Wagholi, Pune",28000,1378 sqft,Flat,Semi-Furnished,East
Pune,2,"Phase 2 Hinjewadi Rajiv Gandhi Infotech Park, Pune",26000,750 sqft,Flat,Furnished,North - East
Pune,5,Paud Pune,50000,3500 sqft,Farm,Unfurnished,East
Pune,2,"Naiknavare Avon Vista, Naiknavare Avon Vista, Balewadi, Pune",32000,850 sqft,Flat,Semi-Furnished,
Pune,2,"Lotus Court, Lotus Court, Kothrud, Pune",35000,1050 sqft,Flat,Unfurnished,North
Pune,3,"Unique K City, Unique K City, Mundhwa, Pune",38000,1003 sqft,Flat,Unfurnished,West
Pune,3,"Prakriti Society, Prakriti Society, Baner-Balewadi Road, Pune",40000,1200 sqft,Flat,Semi-Furnished,East
Pune,2,"Marvel Cerise, Marvel Cerise, Kharadi, Pune",48000,1090 sqft,Flat,Semi-Furnished,East
Pune,2,"Saptasajai Angan, Saptasajai Angan, Loni Kalbhor, Pune",25000,700 sqft,Flat,Semi-Furnished,
Pune,2,"Laxminarayan Nagar Society, Laxminarayan Nagar Society, Karvenagar, Pune",28000,900 sqft,Flat,Furnished,West
Pune,2,"Kolte Patil Life Republic, Kolte Patil Life Republic, Hinjawadi, Pune",25000,650 sqft,Flat,Semi-Furnished,East
Pune,3,"Everglade, Everglade, Kharadi, Pune",60000,1100 sqft,Flat,Furnished,East
Pune,5,Kalyani Nagar Pune,3.5 Lac,4500 sqft,Villa,Furnished,North
Pune,3,"Megh Malhar & Raga, Megh Malhar & Raga, Shindenagar Bavdhan, Pune",34000,1200 sqft,Flat,Unfurnished,North
Pune,2,"Amanora Gateway Towers 98 And 99 , Amanora Gateway Towers 98 And 99, Hadapsar, Pune",56000,910 sqft,Flat,Semi-Furnished,East
Pune,2,"Majestique Towers, Majestique Towers, Wagholi, Pune",32000,820 sqft,Flat,Unfurnished,East
Pune,2,"Gardenia, Gardenia, Wadgaon Sheri, Pune",28500,750 sqft,Flat,Furnished,East
Pune,3,"Siddharth Ganga Tower, Siddharth Ganga Tower, Kalyani Nagar, Pune",70000,1350 sqft,Flat,Semi-Furnished,North - East
Pune,2,"Godrej Elements, Godrej Elements, Hinjawadi, Pune",30000,940 sqft,Flat,Unfurnished,East
Pune,3,"Ganesh Market , Ganesh Market, Ganga Dham, Pune",35000,1200 sqft,Flat,Semi-Furnished,East
Pune,2,"Godrej Boulevard, Godrej Boulevard, Manjri, Manjri Budruk, Pune",20000,691 sqft,Flat,Unfurnished,East
Pune,2,"Lunkad Amazon, Lunkad Amazon, Viman Nagar, Pune",45000,1150 sqft,Flat,Furnished,East
Pune,4,"Panchshil One North, Panchshil One North, One North, Pune",1.5 Lac,3200 sqft,Flat,Furnished,East
Pune,3,"Amanora Adreno Towers, Amanora Adreno Towers, Amanora Park Town, Pune",52000,1200 sqft,Flat,Unfurnished,East
Pune,3,"Skyi Songbirds, Skyi Songbirds, Songbirds Society, Pune",33000,1289 sqft,Flat,Semi-Furnished,West
Pune,2,"Amanora Gold Towers, Amanora Gold Towers, Amanora Park Town, Pune",33000,750 sqft,Flat,Unfurnished,North - East
Pune,3,"Duville Riverdale Residences, Duville Riverdale Residences, Kharadi, Pune",42000,1150 sqft,Flat,Unfurnished,East
Pune,2,"Majestique Marbella, Majestique Marbella, EON Free Zone, Kharadi, Pune",35000,850 sqft,Flat,Semi-Furnished,North - East
Pune,1,"Sayajiraje Avenue, Sayajiraje Avenue, Keshav Nagar Mundhwa, Pune",24000,500 sqft,Flat,Furnished,East
Pune,2,"Uttam Townscapes Phase 2, Uttam Townscapes Phase 2, Vishrantwadi, Airport Road, Pune",45000,1116 sqft,Flat,Furnished,East
Pune,2,"Unique Youtopia, Unique Youtopia, Kharadi, Pune",37000,762 sqft,Flat,Unfurnished,West
Pune,3,"Panchshil Towers, Panchshil Towers, Kharadi, Pune",95000,2200 sqft,Flat,Semi-Furnished,South - East
Pune,3,"Edenn Tower Cooperative Housing Society, Edenn Tower Cooperative Housing Society, Shankar Kalat Nagar, Pune",35000,1300 sqft,Flat,Unfurnished,West
Pune,3,"Marvel Arco, Marvel Arco, Amanora Park Town, Pune",60000,1970 sqft,Flat,Unfurnished,East
Pune,3,"Siddhashila Eela, Siddhashila Eela, Punawale, Pimpri Chinchwad, Pune",37000,1250 sqft,Flat,Semi-Furnished,East
Pune,2,"Shri Taljai 4 Taljai Hills, Shri Taljai 4 Taljai Hills, Dhankawadi, Pune",28000,753 sqft,Flat,Unfurnished,East
Pune,2,"Sunshree Emerald, Sunshree Emerald, Kondhwa, Pune",23000,900 sqft,Flat,Semi-Furnished,East
Pune,4,"Kothrud, Pune",75000,1800 sqft,Flat,Unfurnished,East
Pune,2,"Sunshree Woods, Sunshree Woods, NIBM Road, Pune",26000,850 sqft,Flat,Unfurnished,East
Pune,4,"Kasturi Legacy, Kasturi Legacy, Baner, Pune",1.6 Lac,2200 sqft,Flat,Furnished,East
Pune,3,"Sai Krishna, Sai Krishna, Balewadi Hinjawadi Road, Pune",34000,1200 sqft,Flat,Semi-Furnished,
Pune,2,"Mohan Nagar CHS, Mohan Nagar CHS, Baner Road, Pune",30000,640 sqft,Flat,Unfurnished,East
Pune,2,"Golden City, Golden City, Dhanori, Pune",30000,950 sqft,Flat,Furnished,East
Pune,5,"Amanora Park Township, Amanora Park Township, Hadapsar, Pune",1.2 Lac,2580 sqft,Flat,Furnished,South
Pune,2,"Suyog Enclave, Suyog Enclave, Viman Nagar, Pune",38000,841 sqft,Flat,Semi-Furnished,East
Pune,2,"Megapolis Sangria Towers, Megapolis Sangria Towers, Hinjawadi, Pune",33500,912 sqft,Flat,Furnished,East
Pune,3,"Kolte-Patil Tuscan Estate, Kolte-Patil Tuscan Estate, EON Free Zone, Kharadi, Pune",75000,1700 sqft,Flat,Furnished,East
Pune,2,"Gera Foliage, Gera Foliage, Viman Nagar, Pune",42000,825 sqft,Flat,Furnished,East
Pune,2,"Vasant Avenue, Vasant Avenue, Pune",32000,968 sqft,Flat,Semi-Furnished,East
Pune,2,"ABIL Imperial Atria, ABIL Imperial Atria, Laxman Nagar Baner, Pune",50000,926 sqft,Flat,Furnished,East
Pune,2,"Venkatesh Graffiti Elan, Venkatesh Graffiti Elan, Keshav Nagar Mundhwa, Pune",28000,790 sqft,Flat,Semi-Furnished,East
Pune,1,"Paranjape Blue Ridge, Paranjape Blue Ridge, Hinjewadi Rajiv Gandhi Infotech Park, Hinjawadi, Pune",25000,450 sqft,Flat,Furnished,East
Pune,2,"Mountain Glory, Mountain Glory, Tulaja Bhawani Nagar, Kharadi, Pune",42000,1200 sqft,Flat,Furnished,East
Pune,1,"Kushal Sagar Galaxy, Kushal Sagar Galaxy, Pune Solapur Highway, Pune",12000,450 sqft,Flat,Unfurnished,East
Pune,3,"Bhandari 43 Privet Drive, Bhandari 43 Privet Drive, Balewadi, Pune",60000,1190 sqft,Flat,Furnished,East
Pune,2,"Pan Card Club Road, Pune",31000,774 sqft,Flat,Semi-Furnished,East
Pune,3,"Aeropolis Phase II, Aeropolis Phase II, Dhanori, Pune",27000,890 sqft,Flat,Unfurnished,
Pune,3,"Laburnum Park, Laburnum Park, Magarpatta, Pune",65000,1850 sqft,Flat,Unfurnished,East
Pune,4,"Marvel Zephyr, Marvel Zephyr, EON Free Zone, Kharadi, Pune",85000,3300 sqft,Flat,Unfurnished,East
Pune,2,"Rohan Mithila, Rohan Mithila, Viman Nagar, Pune",38000,705 sqft,Flat,Unfurnished,East
Pune,1,"TCG The Cliff Garden, TCG The Cliff Garden, Pune",17000,450 sqft,Flat,Unfurnished,East
Pune,2,"Shubh Sky Point, Shubh Sky Point, Keshav Nagar Mundhwa, Pune",30000,905 sqft,Flat,Furnished,
Pune,1,"VTP Cygnus, VTP Cygnus, Manjri, Manjri Budruk, Pune",18000,650 sqft,Flat,Semi-Furnished,East
Pune,3,"Baner, Pune",50000,1565 sqft,Flat,Unfurnished,East
Pune,2,"Nandan Inspera, Nandan Inspera, Shankar Kalat Nagar, Pune",28000,900 sqft,Flat,Semi-Furnished,East
Pune,3,"Nanded City, Nanded City, Sinhgad Road, Pune",30000,1558 sqft,Flat,Unfurnished,East
Pune,5,"Paranjape Blue Ridge, Paranjape Blue Ridge, Hinjawadi, Pune",80000,2400 sqft,Flat,Unfurnished,North - East
Pune,3,"Godrej Infinity, Godrej Infinity, Keshav Nagar Mundhwa, Pune",40000,1520 sqft,Flat,Unfurnished,East
Pune,3,"Sukhwani Hermosa Casa, Sukhwani Hermosa Casa, Mundhwa, Pune",42500,975 sqft,Flat,Semi-Furnished,North
Pune,2,"The Island, The Island, Wakad, Pune",55000,950 sqft,Flat,Furnished,East
Pune,2,"Kohinoor Tinsel Town, Kohinoor Tinsel Town, Hinjawadi, Pune",32000,780 sqft,Flat,Furnished,East
Pune,3,"Kumar Palmsprings Towers, Kumar Palmsprings Towers, Undri, Pune",39000,1512 sqft,Flat,Semi-Furnished,North
Pune,4,"Kasturi the Balmoral Estate, Kasturi the Balmoral Estate, Baner, Pune",2 Lac,2200 sqft,Flat,Furnished,East
Pune,3,"Kolte Patil Life Republic, Kolte Patil Life Republic, Marunji, Hinjawadi, Pune",30000,1100 sqft,Flat,Unfurnished,North - East
Pune,3,"Kolte P atil R1 at Life Republic, Kolte P atil R1 at Life Republic, Hinjawadi, Pune",29000,850 sqft,Flat,Unfurnished,East
Pune,3,"EON Free Zone, Kharadi, Pune",45000,1043 sqft,Flat,Semi-Furnished,East
Pune,3,"Vilas Javdekar Yashwin Orizzonte, Vilas Javdekar Yashwin Orizzonte, EON Free Zone, Kharadi, Pune",39000,851 sqft,Flat,Semi-Furnished,East
Pune,4,"Oxford Premium, Azad Nagar Wanowrie Pune",70000,2200 sqft,Villa,Semi-Furnished,East
Pune,3,"Revell Orchid II, Revell Orchid II, Porwal Road, Pune",30000,1100 sqft,Flat,Unfurnished,East
Pune,2,"Elegant Heritage, Elegant Heritage, Viman Nagar, Pune",35000,1000 sqft,Flat,Unfurnished,East
Pune,2,"Dighi, Pune",18000,980 sqft,Flat,Semi-Furnished,North
Pune,3,"Renuka Gloria, Renuka Gloria, Ravet, Pimpri Chinchwad, Pune",35000,1200 sqft,Flat,Semi-Furnished,
Pune,2,"Anandtara Whitefield Residences, Anandtara Whitefield Residences, Keshav Nagar Mundhwa, Pune",25000,812 sqft,Flat,Semi-Furnished,East
Pune,2,"Shapoorji Pallonji Sensorium, Shapoorji Pallonji Sensorium, Hinjawadi, Pune",25000,685 sqft,Flat,Semi-Furnished,East
Pune,3,"Godrej Green Cove, Godrej Green Cove, Mahalunge, Pune",28000,900 sqft,Flat,Semi-Furnished,
Pune,2,"Fortune Shubhan, Fortune Shubhan, Yewalewadi, Pune",15000,828 sqft,Flat,Furnished,
Pune,2,"TCG The Cliff Garden, TCG The Cliff Garden, Hinjawadi, Pune",25000,658 sqft,Flat,Unfurnished,West
Pune,3,"Kolte Patil Little Earth, Kolte Patil Little Earth, Kiwale, Dehu Road, Pune",25000,950 sqft,Flat,Furnished,
Pune,2,"Saheel ITrend Life, Saheel ITrend Life, Wakad, Pune",28000,552 sqft,Flat,Unfurnished,West
Pune,3,"Chrrysalis, Wagholi Pune",48000,2050 sqft,House,Furnished,South
Pune,4,"Bramha the Collection, Bramha the Collection, New Kalyani Nagar, Pune",85000,1600 sqft,Flat,Semi-Furnished,East
Pune,3,"Purple Cloud 9, Mohammed Wadi Pune",75000,2500 sqft,Villa,Furnished,North - East
Pune,3,"Lodha Bella Vita, Lodha Bella Vita, NIBM Road, Pune",48000,1375 sqft,Flat,Unfurnished,
Pune,2,"Megapolis Sparklet, Megapolis Sparklet, Hinjawadi, Pune",27000,950 sqft,Flat,Semi-Furnished,
Pune,1,"Manisha Park, Manisha Park, Kothrud, Pune",21000,400 sqft,Flat,Furnished,
Pune,1,"Sky One, Sky One, Kalyani Nagar, Pune",14000,750 sqft,Flat,Furnished,
Pune,2,"Keshav Nagar Mundhwa, Pune",18000,800 sqft,Flat,Furnished,East
Pune,3,"Bhusari Colony, Kothrud, Pune",53000,1350 sqft,Flat,Furnished,East
Pune,2,"Radha Housing Society, Radha Housing Society, Aundh, Pune",24000,800 sqft,Flat,Semi-Furnished,
Pune,3,"Roseland Residency, Pimpri Chinchwad, Pune",36000,960 sqft,Flat,Semi-Furnished,
Pune,1,"Dattawadi, Pune",15000,500 sqft,Flat,Unfurnished,
Pune,2,"Hinjawadi, Pune",27000,824 sqft,Flat,Semi-Furnished,East
Pune,5,"Paranjape Blue Ridge, Paranjape Blue Ridge, Pimpri Chinchwad, Pune",1.4 Lac,2386 sqft,Flat,Furnished,South -West
Pune,2,"Anand Nagar Keshav Nagar, Pune",30000,790 sqft,Flat,Furnished,
Pune,3,"F5 Greenville Building A2 , F5 Greenville Building A2, Hadapsar, Pune",36000,1100 sqft,Flat,Semi-Furnished,East
Pune,3,"Lunkad Sky Vie, Lunkad Sky Vie, Viman Nagar, Pune",95000,1250 sqft,Flat,Furnished,East
Pune,3,Karnalwadi Pathar Someshwar Road Pune,55000,4000 sqft,Villa,Furnished,
Pune,4,"Pride Purple Park Grandeur, Pride Purple Park Grandeur, Baner, Pune",1.4 Lac,2700 sqft,Flat,Furnished,East
Pune,2,"Krisala 41 Estera Phase III, Krisala 41 Estera Phase III, Punawale, Pimpri Chinchwad, Pune",24999,699 sqft,Flat,Furnished,
Pune,4,"Gagan Unnati, Gagan Unnati, Kondhwa, Pune",50000,1900 sqft,Flat,Unfurnished,East
Pune,2,"Venkatesh Galaxy, Venkatesh Galaxy, Katraj Kondhwa Road, Pune",16000,840 sqft,Flat,Unfurnished,
Pune,1,"Neco Garden, Neco Garden, Viman Nagar, Pune",30000,600 sqft,Flat,Furnished,East
Pune,4,Sindh Society Pune,3.2 Lac,4000 sqft,House,Furnished,East
Pune,3,"Riviresa CHS, Riviresa CHS, Aundh Baner Link Road, Pune",70000,3500 sqft,Flat,Semi-Furnished,East
Pune,2,"Aundh Baner Link Road, Pune",24000,900 sqft,Flat,Unfurnished,
Pune,2,"Hinjawadi Phase 2 Road, Pune",26000,905 sqft,Flat,Semi-Furnished,
Pune,3,Wagholi Pune,35000,1424 sqft,House,Unfurnished,East
Chennai,5,Indiranagar Karapakkam Chennai,1.3 Lac,5000 sqft,Villa,Semi-Furnished,East
Chennai,3,T Nagar Chennai,65000,1990 sqft,House,Semi-Furnished,
Chennai,3,"Casagrand Builder Northern Star, Madhavaram, Chennai",45000,1614 sqft,Flat,Semi-Furnished,
Chennai,3,"Perungudi, Chennai",1.5 Lac,1930 sqft,Flat,Semi-Furnished,North
Chennai,3,"Sri Parthasarathy Apartment, Choolaimedu, Chennai",35000,1155 sqft,Flat,Semi-Furnished,East
Chennai,4,Injambakkam Chennai,2 Lac,2800 sqft,House,Semi-Furnished,North
Chennai,3,"Kences Enclave, T Nagar, Chennai",60000,1600 sqft,Flat,Unfurnished,
Chennai,2,"Kilpauk, Chennai",42000,1400 sqft,Flat,Semi-Furnished,North
Chennai,5,"Casagrand ECR14 Signature, Kanathur, Chennai",1.2 Lac,5037 sqft,Flat,Semi-Furnished,North
Chennai,3,Vadapalani Chennai,70000,1500 sqft,Apartment,,
Chennai,3,Siruseri Chennai,23000,998 sqft,Villa,Semi-Furnished,
Chennai,4,Kamakoti Nagar Pallikaranai Chennai,90000,3500 sqft,Villa,Semi-Furnished,North - East
Chennai,4,Oragadam Chennai,35000,1700 sqft,House,Unfurnished,East
Chennai,2,Mogappair Chennai,32000,1300 sqft,House,Semi-Furnished,
Chennai,3,"House of Hiranandani, Egattur, Chennai",80000,1500 sqft,Flat,Unfurnished,North - West
Chennai,2,Mangadu Chennai,21000,900 sqft,Villa,Semi-Furnished,West
Chennai,3,"Puzhuthivakkam, Chennai",30000,1400 sqft,Flat,Semi-Furnished,East
Chennai,3,"Venster La Grande, Thiruverkadu, Chennai",25000,1214 sqft,Flat,Semi-Furnished,North
Chennai,2,"Pandian Palace, Choolaimedu, Chennai",15000,770 sqft,Flat,Semi-Furnished,East
Chennai,2,"Mylapore, Chennai",25000,650 sqft,Flat,Unfurnished,
Chennai,4,"Ashram Rear Gate, Mugalivakkam, Chennai",55000,2272 sqft,Flat,Semi-Furnished,North - West
Chennai,3,Vengaivasal Medavakkam Chennai,33500,1700 sqft,Villa,Semi-Furnished,
Chennai,3,"Manapakkam, Manapakkam, Chennai",45000,1458 sqft,Flat,Semi-Furnished,North - East
Chennai,3,"BBCL Vajra, Mogappair West Ambattur Industrial Estate, Chennai",50000,1351 sqft,Flat,Semi-Furnished,North
Chennai,3,"Ramaniyam Isha, Thoraipakkam, Chennai",72000,2031 sqft,Flat,Furnished,East
Chennai,3,"Kanathur, Chennai",70000,1500 sqft,Flat,Furnished,East
Chennai,3,"Phoenix The Village Villas, Kelambakkam, Chennai",12 Lac,1586 sqft,Flat,Semi-Furnished,
Chennai,1,"Perambur, Chennai",8250,380 sqft,Flat,Unfurnished,East
Chennai,3,Nedkundram Extension Chennai,35000,2400 sqft,Villa,Semi-Furnished,North
Chennai,2,Chitlapakkam Chennai,6500,750 sqft,House,Unfurnished,
Chennai,3,"Hiranandani Bayview, Egattur, Chennai",60000,1985 sqft,Flat,Semi-Furnished,North - East
Chennai,2,"Prime LifeSpace Arete Homes, Ponneri, Chennai",22000,880 sqft,Flat,Semi-Furnished,North
Chennai,2,"Harini Anugraha, Giri Nagar, Chennai",35000,900 sqft,Flat,Furnished,East
Chennai,4,Navalur Chennai,1.3 Lac,2100 sqft,House,Semi-Furnished,North
Chennai,4,"Poes Garden, Chennai",3.2 Lac,4200 sqft,Flat,Semi-Furnished,North
Chennai,5,Neelankarai Chennai,2.8 Lac,4900 sqft,House,Semi-Furnished,North - East
Chennai,3,Teynampet Chennai,55000,850 sqft,House,Semi-Furnished,North
Chennai,3,Selaiyur Chennai,40000,2300 sqft,Villa,Semi-Furnished,North
Chennai,3,Madhavaram Chennai,23000,1650 sqft,House,Unfurnished,East
Chennai,5,Akkarai Chennai,1 Lac,2900 sqft,Villa,Semi-Furnished,North
Chennai,1,"Tambaram, Chennai",6500,700 sqft,Flat,Furnished,
Chennai,3,Korattur Chennai,45000,1100 sqft,House,Unfurnished,East
Chennai,4,"Appaswamy Greensville, Sholinganallur, Chennai",75000,2317 sqft,Flat,Semi-Furnished,North
Chennai,2,"Royapuram, Chennai",40000,680 sqft,Flat,Furnished,North
Chennai,4,"Tulive Ecstasea, Muthukadu, Chennai",1.3 Lac,3600 sqft,Flat,Furnished,South
Chennai,3,"Thiruvanmiyur, Chennai",1.2 Lac,1400 sqft,Flat,Semi-Furnished,North
Chennai,3,"Golden Opulence, Poonamallee, Chennai",27500,1120 sqft,Flat,Semi-Furnished,
Chennai,2,"Vaikunds Sundaram Phase I, Karapakkam, Chennai",28000,1120 sqft,Flat,Semi-Furnished,
Chennai,2,"Nanmangalam Manikandan Nagar, Chennai",18500,1110 sqft,Flat,Semi-Furnished,
Chennai,2,"Chintadripet, Chennai",26000,700 sqft,Flat,Semi-Furnished,East
Chennai,3,Chennai,25000,1450 sqft,Flat,Furnished,
Chennai,3,"T Nagar, Chennai",45000,1200 sqft,Flat,Semi-Furnished,North
Chennai,3,Gomathy Nagar Chennai,20000,1000 sqft,Villa,Semi-Furnished,South
Chennai,3,"Casagrand ECR14 Signature, Kanathur, Chennai",38000,1698 sqft,Flat,Semi-Furnished,East
Chennai,3,"ASV Alexandria, Sholinganallur, Chennai",55000,1850 sqft,Flat,Semi-Furnished,West
Chennai,5,Sea Cliff Conclave Chennai,2.8 Lac,7000 sqft,House,Furnished,North - East
Chennai,10,"Poonamallee, Chennai",1.5 Lac,6000 sqft,Flat,Semi-Furnished,South
Chennai,3,"Hiranandani Upscale, Navalur, Chennai",68000,1650 sqft,Flat,Unfurnished,East
Chennai,4,"Royapettah, Chennai",3.5 Lac,4025 sqft,Flat,Semi-Furnished,East
Chennai,5,Kottivakkam Chennai,2.5 Lac,8600 sqft,House,Semi-Furnished,East
Chennai,2,Red Hills Chennai,41000,1600 sqft,House,Unfurnished,South
Chennai,3,"Boulevard, Kandigai, Chennai",24000,1250 sqft,Flat,Furnished,North
Chennai,3,"VGN Notting Hill, Nungambakkam, Chennai",1.2 Lac,1200 sqft,Flat,Furnished,East
Chennai,4,"Nungambakkam, Chennai",80000,2100 sqft,Flat,Semi-Furnished,North
Chennai,3,"Madipakkam, Chennai",40000,1800 sqft,Flat,Semi-Furnished,North
Chennai,4,Mylapore Chennai,2.3 Lac,4500 sqft,House,Furnished,West
Chennai,3,"Brigade Residences, Perungudi, Chennai",1.5 Lac,1935 sqft,Flat,Semi-Furnished,North
Chennai,3,"LevelUp, Nungambakkam, Chennai",1.8 Lac,1800 sqft,Flat,Furnished,East
Chennai,3,"VGN Stafford, Ambattur, Chennai",22000,1200 sqft,Flat,Semi-Furnished,East
Chennai,3,"Adyar, Chennai",45000,1550 sqft,Flat,Semi-Furnished,North
Chennai,3,"Anna Nagar, Chennai",65000,1400 sqft,Flat,Furnished,South
Chennai,3,"Teynampet, Chennai",65000,1300 sqft,Flat,Semi-Furnished,South
Chennai,3,Maduravoyal Chennai,35000,2000 sqft,House,Semi-Furnished,West
Chennai,2,Tambaram West Tambaram Chennai,15000,1100 sqft,House,Semi-Furnished,
Chennai,3,"Oragadam, Chennai",55000,1415 sqft,Flat,Furnished,North
Chennai,2,"CBI Colony Perungudi, Chennai",32000,900 sqft,Flat,Semi-Furnished,
Chennai,3,"Iyyappanthangal, Chennai",22000,1450 sqft,Flat,Semi-Furnished,East
Chennai,3,"Kumananchavadi, Chennai",6.5 Lac,1820 sqft,Flat,Semi-Furnished,
Chennai,3,"Adroit Origin, Shastri Nagar Adyar, Chennai",1.5 Lac,1850 sqft,Flat,Furnished,
Chennai,3,"Nungambakkam, Chennai",1.8 Lac,2524 sqft,Flat,Semi-Furnished,North
Chennai,2,East Coast Road Chennai,65000,2500 sqft,House,Furnished,South
Chennai,2,Chennai,20000,650 sqft,Flat,Semi-Furnished,
Chennai,1,Ramapuram Chennai,10000,600 sqft,House,Semi-Furnished,
Chennai,3,"Appaswamy Trellis, Vadapalani, Chennai",78000,1891 sqft,Flat,Furnished,
Chennai,3,Paruthippattu Chennai,30000,1300 sqft,Villa,Furnished,
Chennai,3,"Brigade Residences, Perungudi, Chennai",1.8 Lac,1800 sqft,Flat,Furnished,North
Chennai,2,Shenoy Nagar West Chennai,39900,1350 sqft,House,Semi-Furnished,South
Chennai,4,"Palavakkam, Chennai",1.6 Lac,4200 sqft,Flat,Furnished,North
Chennai,2,"Real Value Neel Kamal, OMR, Chennai",35000,940 sqft,Flat,Furnished,
Chennai,3,"The Metrozone, Anna Nagar, Chennai",95000,2661 sqft,Flat,Semi-Furnished,
Chennai,3,"kgeyes Ashtoria, Pallavaram, Chennai",33000,1231 sqft,Flat,Furnished,East
Chennai,5,Manapakkam Chennai,45000,2500 sqft,Villa,Semi-Furnished,
Chennai,2,East Tambaram Chennai,18000,1450 sqft,House,Semi-Furnished,North
Chennai,4,"DLF Commanders Court, Egmore, Chennai",1.3 Lac,2500 sqft,Flat,Semi-Furnished,North - East
Chennai,4,"Thoraipakkam, Chennai",45000,1800 sqft,Flat,Semi-Furnished,North
Chennai,2,Arumbakkam Chennai,45000,2000 sqft,Villa,Semi-Furnished,East
Chennai,4,Mogappair West Ambattur Industrial Estate Chennai,78000,2230 sqft,Villa,Semi-Furnished,North
Chennai,3,"House of Hiranandani, Egattur, Chennai",70000,1749 sqft,Flat,Semi-Furnished,East
Chennai,3,"Perumbakkam, Chennai",6000,2300 sqft,Flat,Furnished,
Chennai,3,Valmiki Nagar Chennai,70000,2100 sqft,House,Semi-Furnished,East
Chennai,3,"Besant Nagar, Chennai",70000,1150 sqft,Flat,Semi-Furnished,East
Chennai,8,Gopalapuram Chennai,2.3 Lac,3080 sqft,House,Unfurnished,
Chennai,3,"KK Nagar, Chennai",50000,2150 sqft,Flat,Semi-Furnished,North
Chennai,4,"Adyar, Chennai",1.7 Lac,2200 sqft,Flat,Semi-Furnished,East
Chennai,3,"Egmore Apartments, Egmore, Chennai",55000,1800 sqft,Flat,Furnished,
Chennai,3,"Hiranandani Parks, Oragadam, Chennai",46000,2000 sqft,Flat,Furnished,
Chennai,2,"Independent Bungalow, Lakshmi Nagar Pozhichalur, Chennai",20000,750 sqft,Flat,Unfurnished,North
Chennai,3,"Virugambakkam, Chennai",45000,1564 sqft,Flat,Semi-Furnished,North
Chennai,3,"Nandanam, Chennai",75000,1400 sqft,Flat,Semi-Furnished,South - East
Chennai,3,"Boat Club Road, Chennai",3 Lac,2800 sqft,Flat,Furnished,North
Chennai,3,Annanagar East Chennai,65000,1450 sqft,House,Semi-Furnished,West
Chennai,4,Chennai,2 Lac,2400 sqft,Flat,Furnished,South
Chennai,3,Palavakkam Chennai,1.5 Lac,2500 sqft,House,Furnished,North
Chennai,3,"Bhaggyam Sahridaya, Bhaskarapuram, Chennai",1.4 Lac,2400 sqft,Flat,Semi-Furnished,East
Chennai,3,"Radiance Mandarin, Thoraipakkam, Chennai",50000,1829 sqft,Flat,Unfurnished,North
Chennai,3,Injambakkam Chennai,2 Lac,4500 sqft,Villa,Furnished,East
Chennai,3,Porur Chennai,45000,1568 sqft,House,Unfurnished,North
Chennai,2,"T Nagar, Chennai",60 Lac,1000 sqft,Flat,Semi-Furnished,North
Chennai,2,"Dhana Sakthi Avenue, Kolathur, Chennai",15000,686 sqft,Flat,Semi-Furnished,South
Chennai,2,"Pallikaranai, Chennai",22000,905 sqft,Flat,Semi-Furnished,South
Chennai,3,"Appaswamy Altezza, Kottivakkam, Chennai",1.4 Lac,1545 sqft,Flat,Semi-Furnished,East
Chennai,4,"Shanthi Sumangali, Neelankarai, Chennai",1.3 Lac,3273 sqft,Flat,Semi-Furnished,West
Chennai,2,"Ragamalika Phase III, Tambaram, Chennai",20000,1000 sqft,Flat,Unfurnished,North
Chennai,4,"Ambattur Industrial Estate, Chennai",55000,1550 sqft,Flat,Furnished,East
Chennai,1,"Iyyappanthangal, Chennai",12000,550 sqft,Flat,Semi-Furnished,East
Chennai,2,"Bhaskar Colony Saligramam, Chennai",35000,1250 sqft,Flat,Furnished,
Chennai,4,Mugalivakkam Chennai,1.8 Lac,4800 sqft,Villa,Semi-Furnished,
Chennai,4,"Puravankara Purva Somerset House, Guindy, Chennai",2.3 Lac,3525 sqft,Flat,Semi-Furnished,North
Chennai,3,"Prestige Bella Vista, Iyyappanthangal, Chennai",58000,1938 sqft,Flat,Furnished,East
Chennai,2,Mogappair West Ambattur Industrial Estate Chennai,20000,650 sqft,House,Unfurnished,East
Chennai,5,Panaiyur Chennai,1.8 Lac,5000 sqft,House,Furnished,
Chennai,3,"Thiruvanmiyur, Chennai",7000,1000 sqft,Flat,Semi-Furnished,
Chennai,2,Srinivasa Nagar Madhavaram Chennai,30000,800 sqft,House,Semi-Furnished,East
Chennai,1,Kodungaiyur Chennai,8500,400 sqft,House,Unfurnished,South - East
Chennai,2,"Mylapore, Chennai",50000,800 sqft,Flat,Unfurnished,West
Chennai,3,"Navins Starwood Towers 2.0, Medavakkam, Chennai",42000,1460 sqft,Flat,Unfurnished,East
Chennai,3,"Rail Nagar Flat Owners Association, Anna Nagar West Extension, Chennai",30000,1000 sqft,Flat,Furnished,East
Chennai,3,"Brigade Residences, Perungudi, Chennai",2 Lac,1121 sqft,Flat,Furnished,North
Chennai,3,"Brigade Xanadu, Mogappair West Ambattur Industrial Estate, Chennai",65000,1600 sqft,Flat,Semi-Furnished,
Chennai,1,"Gandhi Nagar Kodungaiyur West, Chennai",12000,430 sqft,Flat,Unfurnished,West
Chennai,3,Rajakilpakkam Chennai,34000,2200 sqft,House,Semi-Furnished,North
Chennai,4,"The Golden Trident, Nungambakkam, Chennai",1.5 Lac,2300 sqft,Flat,Furnished,South -West
Chennai,3,"Appaswamy Altezza, Kottivakkam, Chennai",1.1 Lac,2073 sqft,Flat,Semi-Furnished,
Chennai,4,"Bishop Garden, Chennai",1.8 Lac,2800 sqft,Flat,Semi-Furnished,East
Chennai,4,Akkarai Chennai,2.6 Lac,5500 sqft,Villa,Semi-Furnished,
Chennai,1,"Doshi Risington, Karapakkam, Chennai",30000,549 sqft,Flat,Furnished,South
Chennai,3,"Brigade World Trade Centre, Perungudi, Chennai",1.2 Lac,1450 sqft,Flat,Semi-Furnished,
Chennai,4,"Gandhi Nagar Adyar, Chennai",2 Lac,2600 sqft,Flat,Semi-Furnished,North
Chennai,3,"T Nagar, Chennai",2.5 Lac,2700 sqft,Flat,Furnished,North
Chennai,2,"OMR, Chennai",70000,1311 sqft,Flat,Semi-Furnished,North
Chennai,3,"Perungudi, Chennai",1.3 Lac,1950 sqft,Flat,Semi-Furnished,East
Chennai,3,"Appaswamy trents, Ekkatuthangal, Chennai",72000,2000 sqft,Flat,Semi-Furnished,South
Chennai,2,"Prosperous Lake Side Phase 3, Ambattur, Chennai",25000,965 sqft,Flat,Semi-Furnished,
Chennai,3,"Phoenix Marketcity, Velachery, Chennai",1.8 Lac,1700 sqft,Flat,Semi-Furnished,
Chennai,3,"Advaita Blossom, Kelambakkam, Chennai",30000,1243 sqft,Flat,Furnished,West
Chennai,4,Kanathur Chennai,50000,3100 sqft,House,Unfurnished,
Chennai,4,"Prestige Bella Vista, Iyyappanthangal, Chennai",62000,2077 sqft,Flat,Semi-Furnished,West
Chennai,3,"Olympia Opaline Sequel, Navalur, Chennai",45000,1600 sqft,Flat,Furnished,
Chennai,3,Otteri Extension Chennai,30000,1800 sqft,Villa,Semi-Furnished,
Chennai,2,Pattabiram Chennai,15000,1000 sqft,House,Semi-Furnished,
Chennai,3,"Besant Nagar, Chennai",95000,1900 sqft,Flat,Unfurnished,North
Chennai,6,"Ramaniyam Isha, Thoraipakkam, Chennai",1.3 Lac,3300 sqft,Flat,Unfurnished,East
Chennai,3,"Appaswamy Platina, Kottivakkam, Chennai",1.3 Lac,1900 sqft,Flat,Semi-Furnished,East
Chennai,2,Chennai,45000,1050 sqft,Flat,Semi-Furnished,West
Chennai,3,"Brigade Residences, Perungudi, Chennai",1.3 Lac,1800 sqft,Flat,Semi-Furnished,South
Chennai,2,"Arcade, Anna Nagar, Chennai",25000,700 sqft,Flat,Furnished,East
Chennai,1,Moorthy Nagar Padi Chennai,12000,550 sqft,House,Semi-Furnished,
Chennai,4,"Adyar, Chennai",1.5 Lac,2380 sqft,Flat,Semi-Furnished,East
Chennai,3,Chennai,72000,2200 sqft,Flat,Semi-Furnished,East
Chennai,4,Neelankarai Chennai,1.7 Lac,4500 sqft,House,Semi-Furnished,
Chennai,4,"Gandhi Nagar Adyar, Chennai",1.7 Lac,3000 sqft,Flat,Unfurnished,
Chennai,5,Injambakkam Chennai,3.5 Lac,7200 sqft,House,Semi-Furnished,East
Chennai,2,Iyyappanthangal Chennai,22000,1300 sqft,House,Semi-Furnished,North
Chennai,5,"Hiranandani Oceanic, Egattur, Chennai",1.5 Lac,2977 sqft,Flat,Furnished,West
Chennai,3,"Alwartirunagar, Chennai",37000,1700 sqft,Flat,Semi-Furnished,West
Chennai,2,"Alliance Orchid Springs, Korattur, Chennai",32000,1336 sqft,Flat,Semi-Furnished,East
Chennai,2,"Chromepet, Chennai",15000,900 sqft,Flat,Semi-Furnished,North
Chennai,3,"TVH Quadrant, Adyar, Chennai",1.8 Lac,2300 sqft,Flat,Furnished,South
Chennai,3,"Brigade Residences, Perungudi, Chennai",1.5 Lac,1925 sqft,Flat,Unfurnished,North - East
Chennai,2,"Selvi Nagar Guduvancheri, Chennai",12000,859 sqft,Flat,Unfurnished,North
Chennai,3,"Appaswamy Altezza, Kottivakkam, Chennai",85000,1800 sqft,Flat,Semi-Furnished,West
Chennai,2,"Sunstone Apartment, Ambattur, Chennai",19000,975 sqft,Flat,Semi-Furnished,East
Chennai,3,"Boat Club Road, Chennai",3 Lac,2957 sqft,Flat,Semi-Furnished,West
Chennai,3,"Doshi Risington, Karapakkam, Chennai",52000,1564 sqft,Flat,Furnished,West
Chennai,7,Injambakkam Chennai,4 Lac,9000 sqft,Villa,Semi-Furnished,North - West
Chennai,3,"Besant Nagar, Chennai",1.4 Lac,2000 sqft,Flat,Semi-Furnished,West
Chennai,3,"Godrej Azure, Padur, Chennai",40000,800 sqft,Flat,Furnished,South - East
Chennai,3,"Anna Nagar West, Chennai",60000,2100 sqft,Flat,Semi-Furnished,East
Chennai,2,"Annanagar East, Chennai",35000,950 sqft,Flat,Semi-Furnished,North
Chennai,2,"Akshaya Tango, Kotturpuram, Chennai",1.6 Lac,1250 sqft,Flat,Furnished,South
Chennai,4,Neelankarai Chennai,50000,1900 sqft,House,Semi-Furnished,East
Chennai,2,"Radha Nagar Nesamani Nagar, Chennai",17000,700 sqft,Flat,Unfurnished,North
Chennai,4,"Anna Nagar, Chennai",1.4 Lac,3400 sqft,Flat,Furnished,North
Chennai,1,"Prestige Bella Vista, Iyyappanthangal, Chennai",27000,600 sqft,Flat,Furnished,East
Chennai,2,"Ramaniyam Sarovar, Velachery, Chennai",26000,964 sqft,Flat,Semi-Furnished,South
Chennai,3,"Anna Nagar, Chennai",1 Lac,2100 sqft,Flat,Semi-Furnished,East
Chennai,2,Chennai,21000,1000 sqft,Flat,Semi-Furnished,South
Chennai,4,"Nahar Tower Of Adyar, Adyar, Chennai",1.5 Lac,1703 sqft,Flat,Semi-Furnished,East
Chennai,3,"Alaka Palazzo, Poonamallee, Chennai",45000,1669 sqft,Flat,Semi-Furnished,North - East
Chennai,4,"Virugambakkam, Chennai",50000,2100 sqft,Flat,Semi-Furnished,North
